#CODE;Hodor;Hodor;Hodor;Hodor;Hodor;;;;;;;;;x
EVTDESC190043;Hodor;Hodor;Hodor;Hodor;Hodor;;;;;;;;;x
EVTOPTA190043;Hodor;Hodor;Hodor;Hodor;Hodor;;;;;;;;;x
EVTTOOLTIP190043;Hodor;Hodor;Hodor;Hodor;Hodor;;;;;;;;;x
EVTDESC75114;Hodor;Hodor;Hodor;Hodor;Hodor;;;;;;;;;x
EVTOPTA75114;Hodor;Hodor;Hodor;Hodor;Hodor;;;;;;;;;x
EVTDESC200000;Hodor;Hodor;Hodor;Hodor;Hodor;;;;;;;;;x
EVTOPTA200000;Hodor;Hodor;Hodor;Hodor;Hodor;;;;;;;;;x
EVTDESC200001;Hodor;Hodor;Hodor;Hodor;Hodor;;;;;;;;;x
EVTOPTA200001;Hodor;Hodor;Hodor;Hodor;Hodor;;;;;;;;;x
EVTDESC200002;Hodor;Hodor;Hodor;Hodor;Hodor;;;;;;;;;x
EVTOPTA200002;Hodor;Hodor;Hodor;Hodor;Hodor;;;;;;;;;x
EVTDESC200003;Hodor;Hodor;Hodor;Hodor;Hodor;;;;;;;;;x
EVTOPTA200003;Hodor;Hodor;Hodor;Hodor;Hodor;;;;;;;;;x
EVTDESC200004;Hodor;Hodor;Hodor;Hodor;Hodor;;;;;;;;;x
EVTOPTA200004;Hodor;Hodor;Hodor;Hodor;Hodor;;;;;;;;;x
EVTDESC200005;Hodor;Hodor;Hodor;Hodor;Hodor;;;;;;;;;x
EVTOPTA200005;Hodor;Hodor;Hodor;Hodor;Hodor;;;;;;;;;x
EVTDESC200006;Hodor;Hodor;Hodor;Hodor;Hodor;;;;;;;;;x
EVTOPTA200006;Hodor;Hodor;Hodor;Hodor;Hodor;;;;;;;;;x
EVTDESC200007;Hodor;Hodor;Hodor;Hodor;Hodor;;;;;;;;;x
EVTOPTA200007;Hodor;Hodor;Hodor;Hodor;Hodor;;;;;;;;;x
EVTDESC200008;Hodor;Hodor;Hodor;Hodor;Hodor;;;;;;;;;x
EVTOPTA200008;Hodor;Hodor;Hodor;Hodor;Hodor;;;;;;;;;x
EVTDESC200009;Hodor;Hodor;Hodor;Hodor;Hodor;;;;;;;;;x
EVTOPTA200009;Hodor;Hodor;Hodor;Hodor;Hodor;;;;;;;;;x
EVTOPTD50002;Hodor;Hodor;Hodor;Hodor;Hodor;;;;;;;;;x
EVTDESC50000;Hodor;Hodor;Hodor;Hodor;Hodor;;;;;;;;;x
EVTOPTA50000;Hodor;Hodor;Hodor;Hodor;Hodor;;;;;;;;;x
EVTOPTB50000;Hodor;Hodor;Hodor;Hodor;Hodor;;;;;;;;;x
EVTDESC4300;Hodor;Hodor;Hodor;Hodor;Hodor;;;;;;;;;x
EVTOPTA4300;Hodor;Hodor;Hodor;Hodor;Hodor;;;;;;;;;x
EVTTOOLTIP452;Hodor;Hodor;Hodor;Hodor;Hodor;;;;;;;;;x
EVTDESC454;Hodor;Hodor;Hodor;Hodor;Hodor;;;;;;;;;x
EVTOPTA454;Hodor;Hodor;Hodor;Hodor;Hodor;;;;;;;;;x
EVTDESC453;Hodor;Hodor;Hodor;Hodor;Hodor;;;;;;;;;x
EVTDESC190074;Hodor;Hodor;Hodor;Hodor;Hodor;;;;;;;;;x
EVTOPTA190074;Hodor;Hodor;Hodor;Hodor;Hodor;;;;;;;;;x
EVTDESC190075;Hodor;Hodor;Hodor;Hodor;Hodor;;;;;;;;;x
EVTOPTA190075;Hodor;Hodor;Hodor;Hodor;Hodor;;;;;;;;;x
EVTDESC190076;Hodor;Hodor;Hodor;Hodor;Hodor;;;;;;;;;x
EVTOPTA190076;Hodor;Hodor;Hodor;Hodor;Hodor;;;;;;;;;x
commit_suicide;Hodor;Hodor;Hodor;Hodor;Hodor;;;;;;;;;x
commit_suicide_desc;Hodor;Hodor;Hodor;Hodor;Hodor;;;;;;;;;x
IMPRISON_INTERACTION_1;Hodor;Hodor;Hodor;Hodor;Hodor;;;;;;;;;x
EXECUTE_IMPRISONED_INTERACTION_1;Hodor;Hodor;Hodor;Hodor;Hodor;;;;;;;;;x
opinion_refused_convert;Hodor;Hodor;Hodor;Hodor;Hodor;;;;;;;;;x
opinion_converted;Hodor;Hodor;Hodor;Hodor;Hodor;;;;;;;;;x
REVOKE_TITLE_INTERACTION_2C;Hodor;Hodor;Hodor;Hodor;Hodor;;;;;;;;;x
player_no_ambition;Hodor;Hodor;Hodor;Hodor;Hodor;;;;;;;;;x
player_no_ambition_desc;Hodor;Hodor;Hodor;Hodor;Hodor;;;;;;;;;x
tp_school_3;Hodor;Hodor;Hodor;Hodor;Hodor;;;;;;;;;x
holy_war_desc;Hodor;Hodor;Hodor;Hodor;Hodor;;;;;;;;;x
TECH_DEM_INC_K_E;Hodor;Hodor;Hodor;Hodor;Hodor;;;;;;;;;x
TECH_DEM_INC_D;Hodor;Hodor;Hodor;Hodor;Hodor;;;;;;;;;x
TECH_DEM_INC_C;Hodor;Hodor;Hodor;Hodor;Hodor;;;;;;;;;x
TECH_DEM_INC_B;Hodor;Hodor;Hodor;Hodor;Hodor;;;;;;;;;x
RULER_JOINS_ENEMY_WAR_LOG;Hodor;Hodor;Hodor;Hodor;Hodor;;;;;;;;;x
CB_NAME_TRIBAL_INVASION;Hodor;Hodor;Hodor;Hodor;Hodor;;;;;;;;;x
WAR_NAME_TRIBAL_INVASION;Hodor;Hodor;Hodor;Hodor;Hodor;;;;;;;;;x
tribal_invasion_desc;Hodor;Hodor;Hodor;Hodor;Hodor;;;;;;;;;x
RELEASE_FROM_PRISON_INTERACTION_1;Hodor;Hodor;Hodor;Hodor;Hodor;;;;;;;;;x
HAS_LANDED_TITLE;Hodor;Hodor;Hodor;Hodor;Hodor;;;;;;;;;x
EVTNOCOUNCILREQUESTS;Hodor;Hodor;Hodor;Hodor;Hodor;;;;;;;;;x
ISNT_CLOSE_RELATIVE;Hodor;Hodor;Hodor;Hodor;Hodor;;;;;;;;;x
THE_TORAH;Hodor;Hodor;Hodor;Hodor;Hodor;;;;;;;;;x
depose_liege_desc;Hodor;Hodor;Hodor;Hodor;Hodor;;;;;;;;;x
summer_fair_0;Hodor;Hodor;Hodor;Hodor;Hodor;;;;;;;;;x
summer_fair_0_desc;Hodor;Hodor;Hodor;Hodor;Hodor;;;;;;;;;x
feast_0;Hodor;Hodor;Hodor;Hodor;Hodor;;;;;;;;;x
feast_0_desc;Hodor;Hodor;Hodor;Hodor;Hodor;;;;;;;;;x
hold_grand_hunt_0;Hodor;Hodor;Hodor;Hodor;Hodor;;;;;;;;;x
hold_grand_hunt_0_desc;Hodor;Hodor;Hodor;Hodor;Hodor;;;;;;;;;x
summer_fair_1;Hodor;Hodor;Hodor;Hodor;Hodor;;;;;;;;;x
summer_fair_1_desc;Hodor;Hodor;Hodor;Hodor;Hodor;;;;;;;;;x
feast_1;Hodor;Hodor;Hodor;Hodor;Hodor;;;;;;;;;x
feast_1_desc;Hodor;Hodor;Hodor;Hodor;Hodor;;;;;;;;;x
hold_grand_hunt_1;Hodor;Hodor;Hodor;Hodor;Hodor;;;;;;;;;x
hold_grand_hunt_1_desc;Hodor;Hodor;Hodor;Hodor;Hodor;;;;;;;;;x
summer_fair_2;Hodor;Hodor;Hodor;Hodor;Hodor;;;;;;;;;x
summer_fair_2_desc;Hodor;Hodor;Hodor;Hodor;Hodor;;;;;;;;;x
feast_2;Hodor;Hodor;Hodor;Hodor;Hodor;;;;;;;;;x
feast_2_desc;Hodor;Hodor;Hodor;Hodor;Hodor;;;;;;;;;x
hold_grand_hunt_2;Hodor;Hodor;Hodor;Hodor;Hodor;;;;;;;;;x
hold_grand_hunt_2_desc;Hodor;Hodor;Hodor;Hodor;Hodor;;;;;;;;;x
succ_turkish_succession;Hodor;Hodor;Hodor;Hodor;Hodor;;;;;;;;;x
succ_gavelkind_desc;Hodor;Hodor;Hodor;Hodor;Hodor;;;;;;;;;x
holding_epic_tournament;Hodor;Hodor;Hodor;Hodor;Hodor;;;;;;;;;x
holding_grand_hunt;Hodor;Hodor;Hodor;Hodor;Hodor;;;;;;;;;x
holding_large_feast;Hodor;Hodor;Hodor;Hodor;Hodor;;;;;;;;;x
civil_war;Hodor;Hodor;Hodor;Hodor;Hodor;;;;;;;;;x
wrong_religion_group_capital;Hodor;Hodor;Hodor;Hodor;Hodor;;;;;;;;;x
wrong_religion_group_capital_desc;Hodor;Hodor;Hodor;Hodor;Hodor;;;;;;;;;x
wrong_religion_capital;Hodor;Hodor;Hodor;Hodor;Hodor;;;;;;;;;x
wrong_religion_capital_desc;Hodor;Hodor;Hodor;Hodor;Hodor;;;;;;;;;x
vassal_ruler;Hodor;Hodor;Hodor;Hodor;Hodor;;;;;;;;;x
vassal_ruler_desc;Hodor;Hodor;Hodor;Hodor;Hodor;;;;;;;;;x
defensive_war;Hodor;Hodor;Hodor;Hodor;Hodor;;;;;;;;;x
defensive_war_desc;Hodor;Hodor;Hodor;Hodor;Hodor;;;;;;;;;x
opinion_outraged;Hodor;Hodor;Hodor;Hodor;Hodor;;;;;;;;;x
opinion_won_holy_war;Hodor;Hodor;Hodor;Hodor;Hodor;;;;;;;;;x
opinion_job_security_concerns;Hodor;Hodor;Hodor;Hodor;Hodor;;;;;;;;;x
opinion_martial_ties;Hodor;Hodor;Hodor;Hodor;Hodor;;;;;;;;;x
not_dejure_liege;Hodor;Hodor;Hodor;Hodor;Hodor;;;;;;;;;x
not_dejure_liege_desc;Hodor;Hodor;Hodor;Hodor;Hodor;;;;;;;;;x
employ_steward;Hodor;Hodor;Hodor;Hodor;Hodor;;;;;;;;;x
employ_steward_desc;Hodor;Hodor;Hodor;Hodor;Hodor;;;;;;;;;x
employ_chancellor;Hodor;Hodor;Hodor;Hodor;Hodor;;;;;;;;;x
employ_chancellor_desc;Hodor;Hodor;Hodor;Hodor;Hodor;;;;;;;;;x
employ_marshal;Hodor;Hodor;Hodor;Hodor;Hodor;;;;;;;;;x
employ_marshal_desc;Hodor;Hodor;Hodor;Hodor;Hodor;;;;;;;;;x
employ_spymaster;Hodor;Hodor;Hodor;Hodor;Hodor;;;;;;;;;x
employ_spymaster_desc;Hodor;Hodor;Hodor;Hodor;Hodor;;;;;;;;;x
underhanded_rogue;Hodor;Hodor;Hodor;Hodor;Hodor;;;;;;;;;x
underhanded_rogue_desc;Hodor;Hodor;Hodor;Hodor;Hodor;;;;;;;;;x
controls_antipope;Hodor;Hodor;Hodor;Hodor;Hodor;;;;;;;;;x
desc_controls_antipope;Hodor;Hodor;Hodor;Hodor;Hodor;;;;;;;;;x
nick_the_bloody;Hodor;Hodor;Hodor;Hodor;Hodor;;;;;;;;;x
nick_the_quiverfull;Hodor;Hodor;Hodor;Hodor;Hodor;;;;;;;;;x
nick_the_lewd;Hodor;Hodor;Hodor;Hodor;Hodor;;;;;;;;;x
nick_the_dwarf;Hodor;Hodor;Hodor;Hodor;Hodor;;;;;;;;;x
nick_the_fool;Hodor;Hodor;Hodor;Hodor;Hodor;;;;;;;;;x
plot_kidnap_liege_title;Hodor;Hodor;Hodor;Hodor;Hodor;;;;;;;;;x
plot_kidnap_liege_desc;Hodor;Hodor;Hodor;Hodor;Hodor;;;;;;;;;x
dishonorable;Hodor;Hodor;Hodor;Hodor;Hodor;;;;;;;;;x
dishonorable1;Hodor;Hodor;Hodor;Hodor;Hodor;;;;;;;;;x
dishonorable1_desc;Hodor;Hodor;Hodor;Hodor;Hodor;;;;;;;;;x
dishonorable2;Hodor;Hodor;Hodor;Hodor;Hodor;;;;;;;;;x
dishonorable2_desc;Hodor;Hodor;Hodor;Hodor;Hodor;;;;;;;;;x
dishonorable3;Hodor;Hodor;Hodor;Hodor;Hodor;;;;;;;;;x
dishonorable3_desc;Hodor;Hodor;Hodor;Hodor;Hodor;;;;;;;;;x
dishonorable4;Hodor;Hodor;Hodor;Hodor;Hodor;;;;;;;;;x
dishonorable4_desc;Hodor;Hodor;Hodor;Hodor;Hodor;;;;;;;;;x
dishonorable5;Hodor;Hodor;Hodor;Hodor;Hodor;;;;;;;;;x
dishonorable5_desc;Hodor;Hodor;Hodor;Hodor;Hodor;;;;;;;;;x
dishonorable6;Hodor;Hodor;Hodor;Hodor;Hodor;;;;;;;;;x
dishonorable6_desc;Hodor;Hodor;Hodor;Hodor;Hodor;;;;;;;;;x
dishonorable7;Hodor;Hodor;Hodor;Hodor;Hodor;;;;;;;;;x
dishonorable7_desc;Hodor;Hodor;Hodor;Hodor;Hodor;;;;;;;;;x
dishonorable8;Hodor;Hodor;Hodor;Hodor;Hodor;;;;;;;;;x
dishonorable8_desc;Hodor;Hodor;Hodor;Hodor;Hodor;;;;;;;;;x
dishonorable9;Hodor;Hodor;Hodor;Hodor;Hodor;;;;;;;;;x
dishonorable9_desc;Hodor;Hodor;Hodor;Hodor;Hodor;;;;;;;;;x
dishonorable10;Hodor;Hodor;Hodor;Hodor;Hodor;;;;;;;;;x
dishonorable10_desc;Hodor;Hodor;Hodor;Hodor;Hodor;;;;;;;;;x
dyn_dishonorable1;Hodor;Hodor;Hodor;Hodor;Hodor;;;;;;;;;x
dyn_dishonorable1_desc;Hodor;Hodor;Hodor;Hodor;Hodor;;;;;;;;;x
dyn_dishonorable2;Hodor;Hodor;Hodor;Hodor;Hodor;;;;;;;;;x
dyn_dishonorable2_desc;Hodor;Hodor;Hodor;Hodor;Hodor;;;;;;;;;x
dyn_dishonorable3;Hodor;Hodor;Hodor;Hodor;Hodor;;;;;;;;;x
dyn_dishonorable3_desc;Hodor;Hodor;Hodor;Hodor;Hodor;;;;;;;;;x
dyn_dishonorable4;Hodor;Hodor;Hodor;Hodor;Hodor;;;;;;;;;x
dyn_dishonorable4_desc;Hodor;Hodor;Hodor;Hodor;Hodor;;;;;;;;;x
dyn_dishonorable5;Hodor;Hodor;Hodor;Hodor;Hodor;;;;;;;;;x
dyn_dishonorable5_desc;Hodor;Hodor;Hodor;Hodor;Hodor;;;;;;;;;x
dyn_dishonorable6;Hodor;Hodor;Hodor;Hodor;Hodor;;;;;;;;;x
dyn_dishonorable6_desc;Hodor;Hodor;Hodor;Hodor;Hodor;;;;;;;;;x
dyn_dishonorable7;Hodor;Hodor;Hodor;Hodor;Hodor;;;;;;;;;x
dyn_dishonorable7_desc;Hodor;Hodor;Hodor;Hodor;Hodor;;;;;;;;;x
dyn_dishonorable8;Hodor;Hodor;Hodor;Hodor;Hodor;;;;;;;;;x
dyn_dishonorable8_desc;Hodor;Hodor;Hodor;Hodor;Hodor;;;;;;;;;x
dyn_dishonorable9;Hodor;Hodor;Hodor;Hodor;Hodor;;;;;;;;;x
dyn_dishonorable9_desc;Hodor;Hodor;Hodor;Hodor;Hodor;;;;;;;;;x
dyn_dishonorable10;Hodor;Hodor;Hodor;Hodor;Hodor;;;;;;;;;x
dyn_dishonorable10_desc;Hodor;Hodor;Hodor;Hodor;Hodor;;;;;;;;;x
opinion_stay_calm;Hodor;Hodor;Hodor;Hodor;Hodor;;;;;;;;;x
opinion_increased_authority2;Hodor;Hodor;Hodor;Hodor;Hodor;;;;;;;;;x
opinion_increased_authority_ai2;Hodor;Hodor;Hodor;Hodor;Hodor;;;;;;;;;x
opinion_increased_authority_ai;Hodor;Hodor;Hodor;Hodor;Hodor;;;;;;;;;x
true_cognatic_succession;Hodor;Hodor;Hodor;Hodor;Hodor;;;;;;;;;x
obj_break_out_of_prison_title;Hodor;Hodor;Hodor;Hodor;Hodor;;;;;;;;;x
obj_increase_demesne_1_title;Hodor;Hodor;Hodor;Hodor;Hodor;;;;;;;;;x
obj_increase_demesne_1_desc;Hodor;Hodor;Hodor;Hodor;Hodor;;;;;;;;;x
obj_increase_demesne_2_title;Hodor;Hodor;Hodor;Hodor;Hodor;;;;;;;;;x
obj_increase_demesne_2_desc;Hodor;Hodor;Hodor;Hodor;Hodor;;;;;;;;;x
obj_increase_demesne_3_title;Hodor;Hodor;Hodor;Hodor;Hodor;;;;;;;;;x
obj_increase_demesne_3_desc;Hodor;Hodor;Hodor;Hodor;Hodor;;;;;;;;;x
obj_increase_demesne_4_title;Hodor;Hodor;Hodor;Hodor;Hodor;;;;;;;;;x
obj_increase_demesne_4_desc;Hodor;Hodor;Hodor;Hodor;Hodor;;;;;;;;;x
obj_increase_demesne_5_title;Hodor;Hodor;Hodor;Hodor;Hodor;;;;;;;;;x
obj_increase_demesne_5_desc;Hodor;Hodor;Hodor;Hodor;Hodor;;;;;;;;;x
obj_increase_demesne_6_title;Hodor;Hodor;Hodor;Hodor;Hodor;;;;;;;;;x
obj_increase_demesne_6_desc;Hodor;Hodor;Hodor;Hodor;Hodor;;;;;;;;;x
obj_increase_demesne_7_title;Hodor;Hodor;Hodor;Hodor;Hodor;;;;;;;;;x
obj_increase_demesne_7_desc;Hodor;Hodor;Hodor;Hodor;Hodor;;;;;;;;;x
obj_increase_demesne_8_title;Hodor;Hodor;Hodor;Hodor;Hodor;;;;;;;;;x
obj_increase_demesne_8_desc;Hodor;Hodor;Hodor;Hodor;Hodor;;;;;;;;;x
obj_increase_demesne_9_title;Hodor;Hodor;Hodor;Hodor;Hodor;;;;;;;;;x
obj_increase_demesne_9_desc;Hodor;Hodor;Hodor;Hodor;Hodor;;;;;;;;;x
obj_five_children_title;Hodor;Hodor;Hodor;Hodor;Hodor;;;;;;;;;x
obj_five_children_desc;Hodor;Hodor;Hodor;Hodor;Hodor;;;;;;;;;x
obj_ten_children_title;Hodor;Hodor;Hodor;Hodor;Hodor;;;;;;;;;x
obj_ten_children_desc;Hodor;Hodor;Hodor;Hodor;Hodor;;;;;;;;;x
obj_fifteen_children_title;Hodor;Hodor;Hodor;Hodor;Hodor;;;;;;;;;x
obj_fifteen_children_desc;Hodor;Hodor;Hodor;Hodor;Hodor;;;;;;;;;x
obj_twenty_children_title;Hodor;Hodor;Hodor;Hodor;Hodor;;;;;;;;;x
obj_twenty_children_desc;Hodor;Hodor;Hodor;Hodor;Hodor;;;;;;;;;x
obj_find_lover_title;Hodor;Hodor;Hodor;Hodor;Hodor;;;;;;;;;x
obj_find_lover_desc;Hodor;Hodor;Hodor;Hodor;Hodor;;;;;;;;;x
obj_become_independent_title;Hodor;Hodor;Hodor;Hodor;Hodor;;;;;;;;;x
obj_become_independent_desc;Hodor;Hodor;Hodor;Hodor;Hodor;;;;;;;;;x
war_of_independence;Hodor;Hodor;Hodor;Hodor;Hodor;;;;;;;;;x
war_of_independence_desc;Hodor;Hodor;Hodor;Hodor;Hodor;;;;;;;;;x
temple_tax_0;Hodor;Hodor;Hodor;Hodor;Hodor;;;;;;;;;x
temple_tax_0_option;Hodor;Hodor;Hodor;Hodor;Hodor;;;;;;;;;x
temple_tax_0_desc;Hodor;Hodor;Hodor;Hodor;Hodor;;;;;;;;;x
temple_tax_1;Hodor;Hodor;Hodor;Hodor;Hodor;;;;;;;;;x
temple_tax_1_option;Hodor;Hodor;Hodor;Hodor;Hodor;;;;;;;;;x
temple_tax_1_desc;Hodor;Hodor;Hodor;Hodor;Hodor;;;;;;;;;x
temple_tax_2;Hodor;Hodor;Hodor;Hodor;Hodor;;;;;;;;;x
temple_tax_2_option;Hodor;Hodor;Hodor;Hodor;Hodor;;;;;;;;;x
temple_tax_2_desc;Hodor;Hodor;Hodor;Hodor;Hodor;;;;;;;;;x
temple_tax_3;Hodor;Hodor;Hodor;Hodor;Hodor;;;;;;;;;x
temple_tax_3_option;Hodor;Hodor;Hodor;Hodor;Hodor;;;;;;;;;x
temple_tax_3_desc;Hodor;Hodor;Hodor;Hodor;Hodor;;;;;;;;;x
temple_tax_4;Hodor;Hodor;Hodor;Hodor;Hodor;;;;;;;;;x
temple_tax_4_option;Hodor;Hodor;Hodor;Hodor;Hodor;;;;;;;;;x
temple_tax_4_desc;Hodor;Hodor;Hodor;Hodor;Hodor;;;;;;;;;x
city_tax_0;Hodor;Hodor;Hodor;Hodor;Hodor;;;;;;;;;x
city_tax_0_option;Hodor;Hodor;Hodor;Hodor;Hodor;;;;;;;;;x
city_tax_0_desc;Hodor;Hodor;Hodor;Hodor;Hodor;;;;;;;;;x
city_tax_1;Hodor;Hodor;Hodor;Hodor;Hodor;;;;;;;;;x
city_tax_1_option;Hodor;Hodor;Hodor;Hodor;Hodor;;;;;;;;;x
city_tax_1_desc;Hodor;Hodor;Hodor;Hodor;Hodor;;;;;;;;;x
city_tax_2;Hodor;Hodor;Hodor;Hodor;Hodor;;;;;;;;;x
city_tax_2_option;Hodor;Hodor;Hodor;Hodor;Hodor;;;;;;;;;x
city_tax_2_desc;Hodor;Hodor;Hodor;Hodor;Hodor;;;;;;;;;x
city_tax_3;Hodor;Hodor;Hodor;Hodor;Hodor;;;;;;;;;x
city_tax_3_option;Hodor;Hodor;Hodor;Hodor;Hodor;;;;;;;;;x
city_tax_3_desc;Hodor;Hodor;Hodor;Hodor;Hodor;;;;;;;;;x
city_tax_4;Hodor;Hodor;Hodor;Hodor;Hodor;;;;;;;;;x
city_tax_4_option;Hodor;Hodor;Hodor;Hodor;Hodor;;;;;;;;;x
city_tax_4_desc;Hodor;Hodor;Hodor;Hodor;Hodor;;;;;;;;;x
feudal_tax_0;Hodor;Hodor;Hodor;Hodor;Hodor;;;;;;;;;x
feudal_tax_0_option;Hodor;Hodor;Hodor;Hodor;Hodor;;;;;;;;;x
feudal_tax_0_desc;Hodor;Hodor;Hodor;Hodor;Hodor;;;;;;;;;x
feudal_tax_1;Hodor;Hodor;Hodor;Hodor;Hodor;;;;;;;;;x
feudal_tax_1_option;Hodor;Hodor;Hodor;Hodor;Hodor;;;;;;;;;x
feudal_tax_1_desc;Hodor;Hodor;Hodor;Hodor;Hodor;;;;;;;;;x
feudal_tax_2;Hodor;Hodor;Hodor;Hodor;Hodor;;;;;;;;;x
feudal_tax_2_option;Hodor;Hodor;Hodor;Hodor;Hodor;;;;;;;;;x
feudal_tax_2_desc;Hodor;Hodor;Hodor;Hodor;Hodor;;;;;;;;;x
feudal_tax_3;Hodor;Hodor;Hodor;Hodor;Hodor;;;;;;;;;x
feudal_tax_3_option;Hodor;Hodor;Hodor;Hodor;Hodor;;;;;;;;;x
feudal_tax_3_desc;Hodor;Hodor;Hodor;Hodor;Hodor;;;;;;;;;x
feudal_tax_4;Hodor;Hodor;Hodor;Hodor;Hodor;;;;;;;;;x
feudal_tax_4_option;Hodor;Hodor;Hodor;Hodor;Hodor;;;;;;;;;x
feudal_tax_4_desc;Hodor;Hodor;Hodor;Hodor;Hodor;;;;;;;;;x
feudal_contract_0;Minimal Feudal Levies;Hodor;Hodor;Hodor;Hodor;Hodor;;;;;;;;;x
feudal_contract_0_option;Hodor;Hodor;Hodor;Hodor;Hodor;;;;;;;;;x
feudal_contract_0_desc;Hodor;Hodor;Hodor;Hodor;Hodor;;;;;;;;;x
feudal_contract_1;Hodor;Hodor;Hodor;Hodor;Hodor;;;;;;;;;x
feudal_contract_1_option;Hodor;Hodor;Hodor;Hodor;Hodor;;;;;;;;;x
feudal_contract_1_desc;Hodor;Hodor;Hodor;Hodor;Hodor;;;;;;;;;x
feudal_contract_2;Hodor;Hodor;Hodor;Hodor;Hodor;;;;;;;;;x
feudal_contract_2_option;Hodor;Hodor;Hodor;Hodor;Hodor;;;;;;;;;x
feudal_contract_2_desc;Hodor;Hodor;Hodor;Hodor;Hodor;;;;;;;;;x
feudal_contract_3;Hodor;Hodor;Hodor;Hodor;Hodor;;;;;;;;;x
feudal_contract_3_option;Hodor;Hodor;Hodor;Hodor;Hodor;;;;;;;;;x
feudal_contract_3_desc;Hodor;Hodor;Hodor;Hodor;Hodor;;;;;;;;;x
feudal_contract_4;Hodor;Hodor;Hodor;Hodor;Hodor;;;;;;;;;x
feudal_contract_4_option;Hodor;Hodor;Hodor;Hodor;Hodor;;;;;;;;;x
feudal_contract_4_desc;Hodor;Hodor;Hodor;Hodor;Hodor;;;;;;;;;x
city_contract_0;Hodor;Hodor;Hodor;Hodor;Hodor;;;;;;;;;x
city_contract_0_option;Hodor;Hodor;Hodor;Hodor;Hodor;;;;;;;;;x
city_contract_0_desc;Hodor;Hodor;Hodor;Hodor;Hodor;;;;;;;;;x
city_contract_1;Hodor;Hodor;Hodor;Hodor;Hodor;;;;;;;;;x
city_contract_1_option;Hodor;Hodor;Hodor;Hodor;Hodor;;;;;;;;;x
city_contract_1_desc;Hodor;Hodor;Hodor;Hodor;Hodor;;;;;;;;;x
city_contract_2;Hodor;Hodor;Hodor;Hodor;Hodor;;;;;;;;;x
city_contract_2_option;Hodor;Hodor;Hodor;Hodor;Hodor;;;;;;;;;x
city_contract_2_desc;Hodor;Hodor;Hodor;Hodor;Hodor;;;;;;;;;x
city_contract_3;Hodor;Hodor;Hodor;Hodor;Hodor;;;;;;;;;x
city_contract_3_option;Hodor;Hodor;Hodor;Hodor;Hodor;;;;;;;;;x
city_contract_3_desc;Hodor;Hodor;Hodor;Hodor;Hodor;;;;;;;;;x
city_contract_4;Hodor;Hodor;Hodor;Hodor;Hodor;;;;;;;;;x
city_contract_4_option;Hodor;Hodor;Hodor;Hodor;Hodor;;;;;;;;;x
city_contract_4_desc;Hodor;Hodor;Hodor;Hodor;Hodor;;;;;;;;;x
temple_contract_0;Hodor;Hodor;Hodor;Hodor;Hodor;;;;;;;;;x
temple_contract_0_option;Hodor;Hodor;Hodor;Hodor;Hodor;;;;;;;;;x
temple_contract_0_desc;Hodor;Hodor;Hodor;Hodor;Hodor;;;;;;;;;x
temple_contract_1;Hodor;Hodor;Hodor;Hodor;Hodor;;;;;;;;;x
temple_contract_1_option;Hodor;Hodor;Hodor;Hodor;Hodor;;;;;;;;;x
temple_contract_1_desc;Hodor;Hodor;Hodor;Hodor;Hodor;;;;;;;;;x
temple_contract_2;Hodor;Hodor;Hodor;Hodor;Hodor;;;;;;;;;x
temple_contract_2_option;Hodor;Hodor;Hodor;Hodor;Hodor;;;;;;;;;x
temple_contract_2_desc;Hodor;Hodor;Hodor;Hodor;Hodor;;;;;;;;;x
temple_contract_3;Hodor;Hodor;Hodor;Hodor;Hodor;;;;;;;;;x
temple_contract_3_option;Hodor;Hodor;Hodor;Hodor;Hodor;;;;;;;;;x
temple_contract_3_desc;Hodor;Hodor;Hodor;Hodor;Hodor;;;;;;;;;x
temple_contract_4;Hodor;Hodor;Hodor;Hodor;Hodor;;;;;;;;;x
temple_contract_4_option;Hodor;Hodor;Hodor;Hodor;Hodor;;;;;;;;;x
temple_contract_4_desc;Hodor;Hodor;Hodor;Hodor;Hodor;;;;;;;;;x
centralization_0;Hodor;Hodor;Hodor;Hodor;Hodor;;;;;;;;;x
centralization_0_option;Hodor;Hodor;Hodor;Hodor;Hodor;;;;;;;;;x
centralization_0_desc;Hodor;Hodor;Hodor;Hodor;Hodor;;;;;;;;;x
centralization_1;Hodor;Hodor;Hodor;Hodor;Hodor;;;;;;;;;x
centralization_1_option;Hodor;Hodor;Hodor;Hodor;Hodor;;;;;;;;;x
centralization_1_desc;Hodor;Hodor;Hodor;Hodor;Hodor;;;;;;;;;x
centralization_2;Hodor;Hodor;Hodor;Hodor;Hodor;;;;;;;;;x
centralization_2_option;Hodor;Hodor;Hodor;Hodor;Hodor;;;;;;;;;x
centralization_2_desc;Hodor;Hodor;Hodor;Hodor;Hodor;;;;;;;;;x
centralization_3;Hodor;Hodor;Hodor;Hodor;Hodor;;;;;;;;;x
centralization_3_option;Hodor;Hodor;Hodor;Hodor;Hodor;;;;;;;;;x
centralization_3_desc;Hodor;Hodor;Hodor;Hodor;Hodor;;;;;;;;;x
centralization_4;Hodor;Hodor;Hodor;Hodor;Hodor;;;;;;;;;x
centralization_4_option;Hodor;Hodor;Hodor;Hodor;Hodor;;;;;;;;;x
centralization_4_desc;Hodor;Hodor;Hodor;Hodor;Hodor;;;;;;;;;x
obj_amass_wealth_1_title;Hodor;Hodor;Hodor;Hodor;Hodor;;;;;;;;;x
obj_amass_wealth_1_desc;Hodor;Hodor;Hodor;Hodor;Hodor;;;;;;;;;x
obj_amass_wealth_2_title;Hodor;Hodor;Hodor;Hodor;Hodor;;;;;;;;;x
obj_amass_wealth_2_desc;Hodor;Hodor;Hodor;Hodor;Hodor;;;;;;;;;x
obj_amass_wealth_3_title;Hodor;Hodor;Hodor;Hodor;Hodor;;;;;;;;;x
obj_amass_wealth_3_desc;Hodor;Hodor;Hodor;Hodor;Hodor;;;;;;;;;x
obj_amass_wealth_4_title;Hodor;Hodor;Hodor;Hodor;Hodor;;;;;;;;;x
obj_amass_wealth_4_desc;Hodor;Hodor;Hodor;Hodor;Hodor;;;;;;;;;x
obj_become_exalted_1_title;Hodor;Hodor;Hodor;Hodor;Hodor;;;;;;;;;x
obj_become_exalted_1_desc;Hodor;Hodor;Hodor;Hodor;Hodor;;;;;;;;;x
obj_become_exalted_2_title;Hodor;Hodor;Hodor;Hodor;Hodor;;;;;;;;;x
obj_become_exalted_2_desc;Hodor;Hodor;Hodor;Hodor;Hodor;;;;;;;;;x
obj_become_exalted_3_title;Hodor;Hodor;Hodor;Hodor;Hodor;;;;;;;;;x
obj_become_exalted_3_desc;Hodor;Hodor;Hodor;Hodor;Hodor;;;;;;;;;x
obj_become_exalted_4_title;Hodor;Hodor;Hodor;Hodor;Hodor;;;;;;;;;x
obj_become_exalted_4_desc;Hodor;Hodor;Hodor;Hodor;Hodor;;;;;;;;;x
revoke_law;Hodor;Hodor;Hodor;Hodor;Hodor;;;;;;;;;x
revoke_law_0;Hodor;Hodor;Hodor;Hodor;Hodor;;;;;;;;;x
revoke_law_0_option;Hodor;Hodor;Hodor;Hodor;Hodor;;;;;;;;;x
revoke_law_0_desc;Hodor;Hodor;Hodor;Hodor;Hodor;;;;;;;;;x
revoke_law_1;Hodor;Hodor;Hodor;Hodor;Hodor;;;;;;;;;x
revoke_law_1_option;Hodor;Hodor;Hodor;Hodor;Hodor;;;;;;;;;x
revoke_law_1_desc;Hodor;Hodor;Hodor;Hodor;Hodor;;;;;;;;;x
plot_institute_hereditary_titles_title;Hodor;Hodor;Hodor;Hodor;Hodor;;;;;;;;;x
plot_institute_hereditary_titles_desc;Hodor;Hodor;Hodor;Hodor;Hodor;;;;;;;;;x
plot_institute_hereditary_titles_decision;Hodor;Hodor;Hodor;Hodor;Hodor;;;;;;;;;x
plot_institute_hereditary_titles_decision_desc;Hodor;Hodor;Hodor;Hodor;Hodor;;;;;;;;;x
change_title_revoke_law_desc;Hodor;Hodor;Hodor;Hodor;Hodor;;;;;;;;;x
WAR_NAME_CHANGE_TITLE_REVOKE_LAW;Hodor;Hodor;Hodor;Hodor;Hodor;;;;;;;;;x
CB_NAME_CHANGE_TITLE_REVOKE_LAW;Hodor;Hodor;Hodor;Hodor;Hodor;;;;;;;;;x
REVOKE_TITLE_INTERACTION_1;Hodor;Hodor;Hodor;Hodor;Hodor;;;;;;;;;x
REVOKE_TITLE_INTERACTION_2;Hodor;Hodor;Hodor;Hodor;Hodor;;;;;;;;;x
employment_timer;Hodor;Hodor;Hodor;Hodor;Hodor;;;;;;;;;x
indulgence_timer;Hodor;Hodor;Hodor;Hodor;Hodor;;;;;;;;;x
victory_timer;Hodor;Hodor;Hodor;Hodor;Hodor;;;;;;;;;x
convert_province_timer;Hodor;Hodor;Hodor;Hodor;Hodor;;;;;;;;;x
capture_desc;Hodor;Hodor;Hodor;Hodor;Hodor;;;;;;;;;x
obj_adopt_a_lifestyle_title;Hodor;Hodor;Hodor;Hodor;Hodor;;;;;;;;;x
obj_adopt_a_lifestyle_desc;Hodor;Hodor;Hodor;Hodor;Hodor;;;;;;;;;x
obj_win_a_war_title;Hodor;Hodor;Hodor;Hodor;Hodor;;;;;;;;;x
obj_win_a_war_desc;Hodor;Hodor;Hodor;Hodor;Hodor;;;;;;;;;x
obj_convert_a_province_title;Hodor;Hodor;Hodor;Hodor;Hodor;;;;;;;;;x
obj_convert_a_province_desc;Hodor;Hodor;Hodor;Hodor;Hodor;;;;;;;;;x
obj_gain_honorary_title_title;Hodor;Hodor;Hodor;Hodor;Hodor;;;;;;;;;x
obj_gain_honorary_title_desc;Hodor;Hodor;Hodor;Hodor;Hodor;;;;;;;;;x
obj_status_quo_title;Hodor;Hodor;Hodor;Hodor;Hodor;;;;;;;;;x
obj_status_quo_desc;Hodor;Hodor;Hodor;Hodor;Hodor;;;;;;;;;x
CB_NAME_CAPTURE;Hodor;Hodor;Hodor;Hodor;Hodor;;;;;;;;;x
WAR_NAME_CAPTURE;Hodor;Hodor;Hodor;Hodor;Hodor;;;;;;;;;x
ca_culture_group_baltic_0;Hodor;Hodor;Hodor;Hodor;Hodor;;;;;;;;;x
loan_timer;Hodor;Hodor;Hodor;Hodor;Hodor;;;;;;;;;x
loan_timer_desc;Hodor;Hodor;Hodor;Hodor;Hodor;;;;;;;;;x
obj_break_out_of_prison_desc;Hodor;Hodor;Hodor;Hodor;Hodor;;;;;;;;;x
sanctioned_religious_invasion;Hodor;Hodor;Hodor;Hodor;Hodor;;;;;;;;;x
sanctioned_holy_war;Hodor;Hodor;Hodor;Hodor;Hodor;;;;;;;;;x
sanction_timer;Hodor;Hodor;Hodor;Hodor;Hodor;;;;;;;;;x
war_sanction_granted;Hodor;Hodor;Hodor;Hodor;Hodor;;;;;;;;;x
war_sanction_not_granted;Hodor;Hodor;Hodor;Hodor;Hodor;;;;;;;;;x
request_holy_war_sanction;Hodor;Hodor;Hodor;Hodor;Hodor;;;;;;;;;x
request_holy_war_sanction_desc;Hodor;Hodor;Hodor;Hodor;Hodor;;;;;;;;;x
mujahid;Hodor;Hodor;Hodor;Hodor;Hodor;;;;;;;;;x
mujahid_desc;Hodor;Hodor;Hodor;Hodor;Hodor;;;;;;;;;x
opinion_defending_liege;Hodor;Hodor;Hodor;Hodor;Hodor;;;;;;;;;x
opinion_denied_title;Hodor;Hodor;Hodor;Hodor;Hodor;;;;;;;;;x
drunkard_death;Hodor;Hodor;Hodor;Hodor;Hodor;;;;;;;;;x
lunatic_death;Hodor;Hodor;Hodor;Hodor;Hodor;;;;;;;;;x
DEATH_DUNGEON_NO_KILLER;Hodor;Hodor;Hodor;Hodor;Hodor;;;;;;;;;x
regency;Hodor;Hodor;Hodor;Hodor;Hodor;;;;;;;;;x
regency_desc;Hodor;Hodor;Hodor;Hodor;Hodor;;;;;;;;;x
regency_ai;Hodor;Hodor;Hodor;Hodor;Hodor;;;;;;;;;x
regency_ai_desc;Hodor;Hodor;Hodor;Hodor;Hodor;;;;;;;;;x
CB_NAME_RESTORE_PAPACY;Hodor;Hodor;Hodor;Hodor;Hodor;;;;;;;;;x
WAR_NAME_RESTORE_PAPACY;Hodor;Hodor;Hodor;Hodor;Hodor;;;;;;;;;x
holy_truce_timer;Hodor;Hodor;Hodor;Hodor;Hodor;;;;;;;;;x
holy_truce_timer_desc;Hodor;Hodor;Hodor;Hodor;Hodor;;;;;;;;;x
syphilitic_death;Hodor;Hodor;Hodor;Hodor;Hodor;;;;;;;;;x
syphilitic;Hodor;Hodor;Hodor;Hodor;Hodor;;;;;;;;;x
syphilitic_desc;Hodor;Hodor;Hodor;Hodor;Hodor;;;;;;;;;x
nick_the_black;Hodor;Hodor;Hodor;Hodor;Hodor;;;;;;;;;x
opinion_defending_me;Hodor;Hodor;Hodor;Hodor;Hodor;;;;;;;;;x
opinion_not_defending_me;Hodor;Hodor;Hodor;Hodor;Hodor;;;;;;;;;x
other_claim_desc;Hodor;Hodor;Hodor;Hodor;Hodor;;;;;;;;;x
peasant_obstructionism;Hodor;Hodor;Hodor;Hodor;Hodor;;;;;;;;;x
obj_befriend_top_liege_title;Hodor;Hodor;Hodor;Hodor;Hodor;;;;;;;;;x
obj_befriend_top_liege_desc;Hodor;Hodor;Hodor;Hodor;Hodor;;;;;;;;;x
obj_befriend_liege_title;Hodor;Hodor;Hodor;Hodor;Hodor;;;;;;;;;x
obj_befriend_liege_desc;Hodor;Hodor;Hodor;Hodor;Hodor;;;;;;;;;x
obj_befriend_relhead_title;Hodor;Hodor;Hodor;Hodor;Hodor;;;;;;;;;x
obj_befriend_relhead_desc;Hodor;Hodor;Hodor;Hodor;Hodor;;;;;;;;;x
opinion_prisoner_died;Hodor;Hodor;Hodor;Hodor;Hodor;;;;;;;;;x
employ_concubine;Hodor;Hodor;Hodor;Hodor;Hodor;;;;;;;;;x
employ_concubine_desc;Hodor;Hodor;Hodor;Hodor;Hodor;;;;;;;;;x
APPOINT_REGENTS_ON;Hodor;Hodor;Hodor;Hodor;Hodor;;;;;;;;;x
APPOINT_REGENTS_OFF;Hodor;Hodor;Hodor;Hodor;Hodor;;;;;;;;;x
TECH_CASTLES;Hodor;Hodor;Hodor;Hodor;Hodor;;;;;;;;;x
TECH_CASTLES_DESC;Hodor;Hodor;Hodor;Hodor;Hodor;;;;;;;;;x
DIPLO_OF_POPE;Hodor;Hodor;Hodor;Hodor;Hodor;;;;;;;;;x
recent_civil_war;Hodor;Hodor;Hodor;Hodor;Hodor;;;;;;;;;x
recent_civil_war_desc;Hodor;Hodor;Hodor;Hodor;Hodor;;;;;;;;;x
tyrant;Hodor;Hodor;Hodor;Hodor;Hodor;;;;;;;;;x
tyrant1;Hodor;Hodor;Hodor;Hodor;Hodor;;;;;;;;;x
tyrant1_desc;Hodor;Hodor;Hodor;Hodor;Hodor;;;;;;;;;x
tyrant2;Hodor;Hodor;Hodor;Hodor;Hodor;;;;;;;;;x
tyrant2_desc;Hodor;Hodor;Hodor;Hodor;Hodor;;;;;;;;;x
tyrant3;Hodor;Hodor;Hodor;Hodor;Hodor;;;;;;;;;x
tyrant3_desc;Hodor;Hodor;Hodor;Hodor;Hodor;;;;;;;;;x
tyrant4;Hodor;Hodor;Hodor;Hodor;Hodor;;;;;;;;;x
tyrant4_desc;Hodor;Hodor;Hodor;Hodor;Hodor;;;;;;;;;x
tyrant5;Hodor;Hodor;Hodor;Hodor;Hodor;;;;;;;;;x
tyrant5_desc;Hodor;Hodor;Hodor;Hodor;Hodor;;;;;;;;;x
tyrant6;Hodor;Hodor;Hodor;Hodor;Hodor;;;;;;;;;x
tyrant6_desc;Hodor;Hodor;Hodor;Hodor;Hodor;;;;;;;;;x
tyrant7;Hodor;Hodor;Hodor;Hodor;Hodor;;;;;;;;;x
tyrant7_desc;Hodor;Hodor;Hodor;Hodor;Hodor;;;;;;;;;x
tyrant8;Hodor;Hodor;Hodor;Hodor;Hodor;;;;;;;;;x
tyrant8_desc;Hodor;Hodor;Hodor;Hodor;Hodor;;;;;;;;;x
tyrant9;Hodor;Hodor;Hodor;Hodor;Hodor;;;;;;;;;x
tyrant9_desc;Hodor;Hodor;Hodor;Hodor;Hodor;;;;;;;;;x
tyrant10;Hodor;Hodor;Hodor;Hodor;Hodor;;;;;;;;;x
tyrant10_desc;Hodor;Hodor;Hodor;Hodor;Hodor;;;;;;;;;x
tyrant11;Hodor;Hodor;Hodor;Hodor;Hodor;;;;;;;;;x
tyrant11_desc;Hodor;Hodor;Hodor;Hodor;Hodor;;;;;;;;;x
tyrant12;Hodor;Hodor;Hodor;Hodor;Hodor;;;;;;;;;x
tyrant12_desc;Hodor;Hodor;Hodor;Hodor;Hodor;;;;;;;;;x
tyrant13;Hodor;Hodor;Hodor;Hodor;Hodor;;;;;;;;;x
tyrant13_desc;Hodor;Hodor;Hodor;Hodor;Hodor;;;;;;;;;x
tyrant14;Hodor;Hodor;Hodor;Hodor;Hodor;;;;;;;;;x
tyrant14_desc;Hodor;Hodor;Hodor;Hodor;Hodor;;;;;;;;;x
tyrant15;Hodor;Hodor;Hodor;Hodor;Hodor;;;;;;;;;x
tyrant15_desc;Hodor;Hodor;Hodor;Hodor;Hodor;;;;;;;;;x
tyrant16;Hodor;Hodor;Hodor;Hodor;Hodor;;;;;;;;;x
tyrant16_desc;Hodor;Hodor;Hodor;Hodor;Hodor;;;;;;;;;x
tyrant17;Hodor;Hodor;Hodor;Hodor;Hodor;;;;;;;;;x
tyrant17_desc;Hodor;Hodor;Hodor;Hodor;Hodor;;;;;;;;;x
tyrant18;Hodor;Hodor;Hodor;Hodor;Hodor;;;;;;;;;x
tyrant18_desc;Hodor;Hodor;Hodor;Hodor;Hodor;;;;;;;;;x
tyrant19;Hodor;Hodor;Hodor;Hodor;Hodor;;;;;;;;;x
tyrant19_desc;Hodor;Hodor;Hodor;Hodor;Hodor;;;;;;;;;x
tyrant20;Hodor;Hodor;Hodor;Hodor;Hodor;;;;;;;;;x
tyrant20_desc;Hodor;Hodor;Hodor;Hodor;Hodor;;;;;;;;;x
tyrannical_stain;Hodor;Hodor;Hodor;Hodor;Hodor;;;;;;;;;x
tyrannical_stain_desc;Hodor;Hodor;Hodor;Hodor;Hodor;;;;;;;;;x
#EVTDESC62500;Hodor;Hodor;Hodor;Hodor;Hodor;;;;;;;;;x
#EVTOPTA62500;Hodor;Hodor;Hodor;Hodor;Hodor;;;;;;;;;x
#EVTDESC62501;Hodor;Hodor;Hodor;Hodor;Hodor;;;;;;;;;x
#EVTOPTA62501;Hodor;Hodor;Hodor;Hodor;Hodor;;;;;;;;;x
EVTDESC110065;Hodor;Hodor;Hodor;Hodor;Hodor;;;;;;;;;x
EVTOPTA110065;Hodor;Hodor;Hodor;Hodor;Hodor;;;;;;;;;x
EVTDESC1061001;Hodor;Hodor;Hodor;Hodor;Hodor;;;;;;;;;x
EVTOPTA1061001;Hodor;Hodor;Hodor;Hodor;Hodor;;;;;;;;;x
EVTOPTB1061001;Hodor;Hodor;Hodor;Hodor;Hodor;;;;;;;;;x
EVTDESC110063;Hodor;Hodor;Hodor;Hodor;Hodor;;;;;;;;;x
EVTOPTA110063;Hodor;Hodor;Hodor;Hodor;Hodor;;;;;;;;;x
EVTDESC110064;Hodor;Hodor;Hodor;Hodor;Hodor;;;;;;;;;x
EVTOPTA110064;Hodor;Hodor;Hodor;Hodor;Hodor;;;;;;;;;x
EVTDESCplot_events_CK2plus.4;Hodor;Hodor;Hodor;Hodor;Hodor;;;;;;;;;x
EVTOPTAplot_events_CK2plus.4;Hodor;Hodor;Hodor;Hodor;Hodor;;;;;;;;;x
EVTOPTBplot_events_CK2plus.4;Hodor;Hodor;Hodor;Hodor;Hodor;;;;;;;;;x
EVTDESCplot_events_CK2plus.5;Hodor;Hodor;Hodor;Hodor;Hodor;;;;;;;;;x
EVTOPTAplot_events_CK2plus.5;Hodor;Hodor;Hodor;Hodor;Hodor;;;;;;;;;x
EVTDESCplot_events_CK2plus.6;Hodor;Hodor;Hodor;Hodor;Hodor;;;;;;;;;x
EVTOPTAplot_events_CK2plus.6;Hodor;Hodor;Hodor;Hodor;Hodor;;;;;;;;;x
EVTDESCplot_events_CK2plus.7;Hodor;Hodor;Hodor;Hodor;Hodor;;;;;;;;;x
EVTOPTAplot_events_CK2plus.7;Hodor;Hodor;Hodor;Hodor;Hodor;;;;;;;;;x
EVTDESCplot_events_CK2plus.8;Hodor;Hodor;Hodor;Hodor;Hodor;;;;;;;;;x
EVTOPTAplot_events_CK2plus.8;Hodor;Hodor;Hodor;Hodor;Hodor;;;;;;;;;x
EVTDESCplot_events_CK2plus.9;Hodor;Hodor;Hodor;Hodor;Hodor;;;;;;;;;x
EVTOPTAplot_events_CK2plus.9;Hodor;Hodor;Hodor;Hodor;Hodor;;;;;;;;;x
EVTDESCplot_events_CK2plus.10;Hodor;Hodor;Hodor;Hodor;Hodor;;;;;;;;;x
EVTOPTAplot_events_CK2plus.10;Hodor;Hodor;Hodor;Hodor;Hodor;;;;;;;;;x
EVTDESCplot_events_CK2plus.11;Hodor;Hodor;Hodor;Hodor;Hodor;;;;;;;;;x
EVTOPTAplot_events_CK2plus.11;Hodor;Hodor;Hodor;Hodor;Hodor;;;;;;;;;x
EVTDESCplot_events_CK2plus.12;Hodor;Hodor;Hodor;Hodor;Hodor;;;;;;;;;x
EVTOPTAplot_events_CK2plus.12;Hodor;Hodor;Hodor;Hodor;Hodor;;;;;;;;;x
EVTDESCplot_events_CK2plus.13;Hodor;Hodor;Hodor;Hodor;Hodor;;;;;;;;;x
EVTOPTAplot_events_CK2plus.13;Hodor;Hodor;Hodor;Hodor;Hodor;;;;;;;;;x
EVTDESCplot_events_CK2plus.14;Hodor;Hodor;Hodor;Hodor;Hodor;;;;;;;;;x
EVTOPTAplot_events_CK2plus.14;Hodor;Hodor;Hodor;Hodor;Hodor;;;;;;;;;x
EVTOPTBplot_events_CK2plus.14;Hodor;Hodor;Hodor;Hodor;Hodor;;;;;;;;;x
EVTDESCplot_events_CK2plus.15;Hodor;Hodor;Hodor;Hodor;Hodor;;;;;;;;;x
EVTOPTAplot_events_CK2plus.15;Hodor;Hodor;Hodor;Hodor;Hodor;;;;;;;;;x
EVTDESCplot_events_CK2plus.16;Hodor;Hodor;Hodor;Hodor;Hodor;;;;;;;;;x
EVTOPTAplot_events_CK2plus.16;Hodor;Hodor;Hodor;Hodor;Hodor;;;;;;;;;x
EVTDESCplot_events_CK2plus.17;Hodor;Hodor;Hodor;Hodor;Hodor;;;;;;;;;x
EVTOPTAplot_events_CK2plus.17;Hodor;Hodor;Hodor;Hodor;Hodor;;;;;;;;;x
EVTDESCplot_events_CK2plus.18;Hodor;Hodor;Hodor;Hodor;Hodor;;;;;;;;;x
EVTOPTAplot_events_CK2plus.18;Hodor;Hodor;Hodor;Hodor;Hodor;;;;;;;;;x
EVTOPTBplot_events_CK2plus.18;Hodor;Hodor;Hodor;Hodor;Hodor;;;;;;;;;x
EVTOPTCplot_events_CK2plus.18;Hodor;Hodor;Hodor;Hodor;Hodor;;;;;;;;;x
EVTDESCplot_events_CK2plus.19;Hodor;Hodor;Hodor;Hodor;Hodor;;;;;;;;;x
EVTOPTAplot_events_CK2plus.19;Hodor;Hodor;Hodor;Hodor;Hodor;;;;;;;;;x
EVTDESCplot_events_CK2plus.20;Hodor;Hodor;Hodor;Hodor;Hodor;;;;;;;;;x
EVTOPTAplot_events_CK2plus.20;Hodor;Hodor;Hodor;Hodor;Hodor;;;;;;;;;x
EVTOPTBplot_events_CK2plus.20;Hodor;Hodor;Hodor;Hodor;Hodor;;;;;;;;;x
EVTDESCplot_events_CK2plus.21;Hodor;Hodor;Hodor;Hodor;Hodor;;;;;;;;;x
EVTOPTAplot_events_CK2plus.21;Hodor;Hodor;Hodor;Hodor;Hodor;;;;;;;;;x
EVTDESCplot_events_CK2plus.22;Hodor;Hodor;Hodor;Hodor;Hodor;;;;;;;;;x
EVTOPTAplot_events_CK2plus.22;Hodor;Hodor;Hodor;Hodor;Hodor;;;;;;;;;x
EVTDESCplot_events_CK2plus.23;Hodor;Hodor;Hodor;Hodor;Hodor;;;;;;;;;x
EVTOPTAplot_events_CK2plus.23;Hodor;Hodor;Hodor;Hodor;Hodor;;;;;;;;;x
EVTDESCplot_events_CK2plus.24;Hodor;Hodor;Hodor;Hodor;Hodor;;;;;;;;;x
EVTOPTAplot_events_CK2plus.24;Hodor;Hodor;Hodor;Hodor;Hodor;;;;;;;;;x
EVTDESCplot_events_CK2plus.25;Hodor;Hodor;Hodor;Hodor;Hodor;;;;;;;;;x
EVTOPTAplot_events_CK2plus.25;Hodor;Hodor;Hodor;Hodor;Hodor;;;;;;;;;x
EVTDESCplot_events_CK2plus.26;Hodor;Hodor;Hodor;Hodor;Hodor;;;;;;;;;x
EVTOPTAplot_events_CK2plus.26;Hodor;Hodor;Hodor;Hodor;Hodor;;;;;;;;;x
EVTDESCplot_events_CK2plus.27;Hodor;Hodor;Hodor;Hodor;Hodor;;;;;;;;;x
EVTOPTAplot_events_CK2plus.27;Hodor;Hodor;Hodor;Hodor;Hodor;;;;;;;;;x
EVTOPTBplot_events_CK2plus.27;Hodor;Hodor;Hodor;Hodor;Hodor;;;;;;;;;x
EVTDESCplot_events_CK2plus.28;Hodor;Hodor;Hodor;Hodor;Hodor;;;;;;;;;x
EVTOPTAplot_events_CK2plus.28;Hodor;Hodor;Hodor;Hodor;Hodor;;;;;;;;;x
EVTDESCplot_events_CK2plus.29;Hodor;Hodor;Hodor;Hodor;Hodor;;;;;;;;;x
EVTOPTAplot_events_CK2plus.29;Hodor;Hodor;Hodor;Hodor;Hodor;;;;;;;;;x
EVTDESCplot_events_CK2plus.30;Hodor;Hodor;Hodor;Hodor;Hodor;;;;;;;;;x
EVTOPTAplot_events_CK2plus.30;Hodor;Hodor;Hodor;Hodor;Hodor;;;;;;;;;x
EVTDESCplot_events_CK2plus.31;Hodor;Hodor;Hodor;Hodor;Hodor;;;;;;;;;x
EVTOPTAplot_events_CK2plus.31;Hodor;Hodor;Hodor;Hodor;Hodor;;;;;;;;;x
EVTDESCplot_events_CK2plus.32;Hodor;Hodor;Hodor;Hodor;Hodor;;;;;;;;;x
EVTOPTAplot_events_CK2plus.32;Hodor;Hodor;Hodor;Hodor;Hodor;;;;;;;;;x
EVTDESCplot_events_CK2plus.33;Hodor;Hodor;Hodor;Hodor;Hodor;;;;;;;;;x
EVTOPTAplot_events_CK2plus.33;Hodor;Hodor;Hodor;Hodor;Hodor;;;;;;;;;x
EVTDESCplot_events_CK2plus.34;Hodor;Hodor;Hodor;Hodor;Hodor;;;;;;;;;x
EVTOPTAplot_events_CK2plus.34;Hodor;Hodor;Hodor;Hodor;Hodor;;;;;;;;;x
EVTOPTBplot_events_CK2plus.34;Hodor;Hodor;Hodor;Hodor;Hodor;;;;;;;;;x
EVTDESCplot_events_CK2plus.35;Hodor;Hodor;Hodor;Hodor;Hodor;;;;;;;;;x
EVTOPTAplot_events_CK2plus.35;Hodor;Hodor;Hodor;Hodor;Hodor;;;;;;;;;x
EVTDESCplot_events_CK2plus.36;Hodor;Hodor;Hodor;Hodor;Hodor;;;;;;;;;x
EVTOPTAplot_events_CK2plus.36;Hodor;Hodor;Hodor;Hodor;Hodor;;;;;;;;;x
EVTDESCplot_events_CK2plus.37;Hodor;Hodor;Hodor;Hodor;Hodor;;;;;;;;;x
EVTOPTAplot_events_CK2plus.37;Hodor;Hodor;Hodor;Hodor;Hodor;;;;;;;;;x
EVTDESCplot_events_CK2plus.38;Hodor;Hodor;Hodor;Hodor;Hodor;;;;;;;;;x
EVTOPTAplot_events_CK2plus.38;Hodor;Hodor;Hodor;Hodor;Hodor;;;;;;;;;x
EVTDESCplot_events_CK2plus.39;Hodor;Hodor;Hodor;Hodor;Hodor;;;;;;;;;x
EVTOPTAplot_events_CK2plus.39;Hodor;Hodor;Hodor;Hodor;Hodor;;;;;;;;;x
EVTDESCplot_events_CK2plus.40;Hodor;Hodor;Hodor;Hodor;Hodor;;;;;;;;;x
EVTOPTAplot_events_CK2plus.40;Hodor;Hodor;Hodor;Hodor;Hodor;;;;;;;;;x
EVTDESCplot_events_CK2plus.41;Hodor;Hodor;Hodor;Hodor;Hodor;;;;;;;;;x
EVTOPTAplot_events_CK2plus.41;Hodor;Hodor;Hodor;Hodor;Hodor;;;;;;;;;x
EVTDESCplot_events_CK2plus.42;Hodor;Hodor;Hodor;Hodor;Hodor;;;;;;;;;x
EVTOPTAplot_events_CK2plus.42;Hodor;Hodor;Hodor;Hodor;Hodor;;;;;;;;;x
EVTDESCplot_events_CK2plus.43;Hodor;Hodor;Hodor;Hodor;Hodor;;;;;;;;;x
EVTOPTAplot_events_CK2plus.43;Hodor;Hodor;Hodor;Hodor;Hodor;;;;;;;;;x
EVTDESC1007060;Hodor;Hodor;Hodor;Hodor;Hodor;;;;;;;;;x
EVTOPTA1007060;Hodor;Hodor;Hodor;Hodor;Hodor;;;;;;;;;x
EVTOPTB1007060;Hodor;Hodor;Hodor;Hodor;Hodor;;;;;;;;;x
EVTDESC1007061;Hodor;Hodor;Hodor;Hodor;Hodor;;;;;;;;;x
EVTOPTA1007061;Hodor;Hodor;Hodor;Hodor;Hodor;;;;;;;;;x
EVTDESC1007062;Hodor;Hodor;Hodor;Hodor;Hodor;;;;;;;;;x
EVTOPTA1007062;Hodor;Hodor;Hodor;Hodor;Hodor;;;;;;;;;x
EVTDESC1007064;Hodor;Hodor;Hodor;Hodor;Hodor;;;;;;;;;x
EVTOPTA1007064;Hodor;Hodor;Hodor;Hodor;Hodor;;;;;;;;;x
EVTDESC1007065;Hodor;Hodor;Hodor;Hodor;Hodor;;;;;;;;;x
EVTOPTA1007065;Hodor;Hodor;Hodor;Hodor;Hodor;;;;;;;;;x
EVTDESC1007067;Hodor;Hodor;Hodor;Hodor;Hodor;;;;;;;;;x
EVTOPTA1007067;Hodor;Hodor;Hodor;Hodor;Hodor;;;;;;;;;x
EVTDESC1007068;Hodor;Hodor;Hodor;Hodor;Hodor;;;;;;;;;x
EVTOPTA1007068;Hodor;Hodor;Hodor;Hodor;Hodor;;;;;;;;;x
EVTDESCplot_events_CK2plus.45;Hodor;Hodor;Hodor;Hodor;Hodor;;;;;;;;;x
EVTOPTAplot_events_CK2plus.45;Hodor;Hodor;Hodor;Hodor;Hodor;;;;;;;;;x
EVTOPTBplot_events_CK2plus.45;Hodor;Hodor;Hodor;Hodor;Hodor;;;;;;;;;x
EVTDESCplot_events_CK2plus.46;Hodor;Hodor;Hodor;Hodor;Hodor;;;;;;;;;x
EVTOPTAplot_events_CK2plus.46;Hodor;Hodor;Hodor;Hodor;Hodor;;;;;;;;;x
EVTDESCplot_events_CK2plus.47;Hodor;Hodor;Hodor;Hodor;Hodor;;;;;;;;;x
EVTOPTAplot_events_CK2plus.47;Hodor;Hodor;Hodor;Hodor;Hodor;;;;;;;;;x
EVTDESCplot_events_CK2plus.48;Hodor;Hodor;Hodor;Hodor;Hodor;;;;;;;;;x
EVTOPTAplot_events_CK2plus.48;Hodor;Hodor;Hodor;Hodor;Hodor;;;;;;;;;x
EVTDESCplot_events_CK2plus.49;Hodor;Hodor;Hodor;Hodor;Hodor;;;;;;;;;x
EVTOPTAplot_events_CK2plus.49;Hodor;Hodor;Hodor;Hodor;Hodor;;;;;;;;;x
EVTDESCplot_events_CK2plus.50;Hodor;Hodor;Hodor;Hodor;Hodor;;;;;;;;;x
EVTOPTAplot_events_CK2plus.50;Hodor;Hodor;Hodor;Hodor;Hodor;;;;;;;;;x
EVTDESCplot_events_CK2plus.51;Hodor;Hodor;Hodor;Hodor;Hodor;;;;;;;;;x
EVTOPTAplot_events_CK2plus.51;Hodor;Hodor;Hodor;Hodor;Hodor;;;;;;;;;x
EVTDESC110060;Hodor;Hodor;Hodor;Hodor;Hodor;;;;;;;;;x
EVTOPTA110060;Hodor;Hodor;Hodor;Hodor;Hodor;;;;;;;;;x
EVTDESC110061;Hodor;Hodor;Hodor;Hodor;Hodor;;;;;;;;;x
EVTTOOLTIP110044;Hodor;Hodor;Hodor;Hodor;Hodor;;;;;;;;;x
EVTDESC210037;Hodor;Hodor;Hodor;Hodor;Hodor;;;;;;;;;x
EVTOPTA210037;Hodor;Hodor;Hodor;Hodor;Hodor;;;;;;;;;x
EVTDESC110044;Hodor;Hodor;Hodor;Hodor;Hodor;;;;;;;;;x
EVTDESC3084;Hodor;Hodor;Hodor;Hodor;Hodor;;;;;;;;;x
EVTDESC210021;Hodor;Hodor;Hodor;Hodor;Hodor;;;;;;;;;x
EVTOPTA210021;Hodor;Hodor;Hodor;Hodor;Hodor;;;;;;;;;x
EVTOPTB210021;Hodor;Hodor;Hodor;Hodor;Hodor;;;;;;;;;x
EVTTOOLTIP210021;Hodor;Hodor;Hodor;Hodor;Hodor;;;;;;;;;x
EVTDESC210022;Hodor;Hodor;Hodor;Hodor;Hodor;;;;;;;;;x
EVTOPTA210022;Hodor;Hodor;Hodor;Hodor;Hodor;;;;;;;;;x
EVTDESC210023;Hodor;Hodor;Hodor;Hodor;Hodor;;;;;;;;;x
EVTOPTA210023;Hodor;Hodor;Hodor;Hodor;Hodor;;;;;;;;;x
EVTOPTB210023;Hodor;Hodor;Hodor;Hodor;Hodor;;;;;;;;;x
EVTDESC210030;Hodor;Hodor;Hodor;Hodor;Hodor;;;;;;;;;x
EVTOPTA210030;Hodor;Hodor;Hodor;Hodor;Hodor;;;;;;;;;x
EVTOPTB210030;Hodor;Hodor;Hodor;Hodor;Hodor;;;;;;;;;x
EVTOPTC210030;Hodor;Hodor;Hodor;Hodor;Hodor;;;;;;;;;x
EVTDESC210031;Hodor;Hodor;Hodor;Hodor;Hodor;;;;;;;;;x
EVTOPTA210031;Hodor;Hodor;Hodor;Hodor;Hodor;;;;;;;;;x
EVTDESC210032;Hodor;Hodor;Hodor;Hodor;Hodor;;;;;;;;;x
EVTOPTA210032;Hodor;Hodor;Hodor;Hodor;Hodor;;;;;;;;;x
EVTDESC210033;Hodor;Hodor;Hodor;Hodor;Hodor;;;;;;;;;x
EVTOPTA210033;Hodor;Hodor;Hodor;Hodor;Hodor;;;;;;;;;x
EVTDESC210034;Hodor;Hodor;Hodor;Hodor;Hodor;;;;;;;;;x
EVTOPTA210034;Hodor;Hodor;Hodor;Hodor;Hodor;;;;;;;;;x
EVTDESC210035;Hodor;Hodor;Hodor;Hodor;Hodor;;;;;;;;;x
EVTOPTA210035;Hodor;Hodor;Hodor;Hodor;Hodor;;;;;;;;;x
opinion_approved_law;Hodor;Hodor;Hodor;Hodor;Hodor;;;;;;;;;x
opinion_ignored_law;Hodor;Hodor;Hodor;Hodor;Hodor;;;;;;;;;x
holding_ball;Hodor;Hodor;Hodor;Hodor;Hodor;;;;;;;;;x
EVTDESCplot_events_CK2plus.1;Hodor;Hodor;Hodor;Hodor;Hodor;;;;;;;;;x
EVTOPTAplot_events_CK2plus.1;Hodor;Hodor;Hodor;Hodor;Hodor;;;;;;;;;x
EVTOPTBplot_events_CK2plus.1;Hodor;Hodor;Hodor;Hodor;Hodor;;;;;;;;;x
EVTOPTCplot_events_CK2plus.1;Hodor;Hodor;Hodor;Hodor;Hodor;;;;;;;;;x
EVTDESCplot_events_CK2plus.2;Hodor;Hodor;Hodor;Hodor;Hodor;;;;;;;;;x
EVTOPTAplot_events_CK2plus.2;Hodor;Hodor;Hodor;Hodor;Hodor;;;;;;;;;x
EVTOPTBplot_events_CK2plus.2;Hodor;Hodor;Hodor;Hodor;Hodor;;;;;;;;;x
EVTTOOLTIPplot_events_CK2plus.2;Hodor;Hodor;Hodor;Hodor;Hodor;;;;;;;;;x
EVTDESCplot_events_CK2plus.3;Hodor;Hodor;Hodor;Hodor;Hodor;;;;;;;;;x
EVTOPTAplot_events_CK2plus.3;Hodor;Hodor;Hodor;Hodor;Hodor;;;;;;;;;x
EVTOPTBplot_events_CK2plus.3;Hodor;Hodor;Hodor;Hodor;Hodor;;;;;;;;;x
EVTOPTCplot_events_CK2plus.3;Hodor;Hodor;Hodor;Hodor;Hodor;;;;;;;;;x
EVTTOOLTIPplot_events_CK2plus.3;Hodor;Hodor;Hodor;Hodor;Hodor;;;;;;;;;x
plot_kidnap_liege_desc;Hodor;Hodor;Hodor;Hodor;Hodor;;;;;;;;;x
plot_kidnap_character_title;Hodor;Hodor;Hodor;Hodor;Hodor;;;;;;;;;x
plot_kidnap_character_desc;Hodor;Hodor;Hodor;Hodor;Hodor;;;;;;;;;x
plot_instigate_revolt_title;Hodor;Hodor;Hodor;Hodor;Hodor;;;;;;;;;x
plot_instigate_revolt_desc;Hodor;Hodor;Hodor;Hodor;Hodor;;;;;;;;;x
plot_fabricate_treason_title;Hodor;Hodor;Hodor;Hodor;Hodor;;;;;;;;;x
plot_fabricate_treason_desc;Hodor;Hodor;Hodor;Hodor;Hodor;;;;;;;;;x
plot_kidnap_liege_title;Hodor;Hodor;Hodor;Hodor;Hodor;;;;;;;;;x
EVTDESCplot_events_CK2plus.4;Hodor;Hodor;Hodor;Hodor;Hodor;;;;;;;;;x
EVTOPTAplot_events_CK2plus.4;Hodor;Hodor;Hodor;Hodor;Hodor;;;;;;;;;x
EVTOPTBplot_events_CK2plus.4;Hodor;Hodor;Hodor;Hodor;Hodor;;;;;;;;;x
EVTDESCplot_events_CK2plus.5;Hodor;Hodor;Hodor;Hodor;Hodor;;;;;;;;;x
EVTOPTAplot_events_CK2plus.5;Hodor;Hodor;Hodor;Hodor;Hodor;;;;;;;;;x
EVTDESCplot_events_CK2plus.6;Hodor;Hodor;Hodor;Hodor;Hodor;;;;;;;;;x
EVTOPTAplot_events_CK2plus.6;Hodor;Hodor;Hodor;Hodor;Hodor;;;;;;;;;x
EVTDESCplot_events_CK2plus.7;Hodor;Hodor;Hodor;Hodor;Hodor;;;;;;;;;x
EVTOPTAplot_events_CK2plus.7;Hodor;Hodor;Hodor;Hodor;Hodor;;;;;;;;;x
EVTDESCplot_events_CK2plus.8;Hodor;Hodor;Hodor;Hodor;Hodor;;;;;;;;;x
EVTOPTAplot_events_CK2plus.8;Hodor;Hodor;Hodor;Hodor;Hodor;;;;;;;;;x
EVTDESCplot_events_CK2plus.9;Hodor;Hodor;Hodor;Hodor;Hodor;;;;;;;;;x
EVTOPTAplot_events_CK2plus.9;Hodor;Hodor;Hodor;Hodor;Hodor;;;;;;;;;x
EVTDESCplot_events_CK2plus.10;Hodor;Hodor;Hodor;Hodor;Hodor;;;;;;;;;x
EVTOPTAplot_events_CK2plus.10;Hodor;Hodor;Hodor;Hodor;Hodor;;;;;;;;;x
EVTDESCplot_events_CK2plus.11;Hodor;Hodor;Hodor;Hodor;Hodor;;;;;;;;;x
EVTOPTAplot_events_CK2plus.11;Hodor;Hodor;Hodor;Hodor;Hodor;;;;;;;;;x
EVTDESCplot_events_CK2plus.12;Hodor;Hodor;Hodor;Hodor;Hodor;;;;;;;;;x
EVTOPTAplot_events_CK2plus.12;Hodor;Hodor;Hodor;Hodor;Hodor;;;;;;;;;x
EVTDESCplot_events_CK2plus.13;Hodor;Hodor;Hodor;Hodor;Hodor;;;;;;;;;x
EVTOPTAplot_events_CK2plus.13;Hodor;Hodor;Hodor;Hodor;Hodor;;;;;;;;;x
EVTDESCplot_events_CK2plus.14;Hodor;Hodor;Hodor;Hodor;Hodor;;;;;;;;;x
EVTOPTAplot_events_CK2plus.14;Hodor;Hodor;Hodor;Hodor;Hodor;;;;;;;;;x
EVTOPTBplot_events_CK2plus.14;Hodor;Hodor;Hodor;Hodor;Hodor;;;;;;;;;x
EVTDESCplot_events_CK2plus.15;Hodor;Hodor;Hodor;Hodor;Hodor;;;;;;;;;x
EVTOPTAplot_events_CK2plus.15;Hodor;Hodor;Hodor;Hodor;Hodor;;;;;;;;;x
EVTDESCplot_events_CK2plus.16;Hodor;Hodor;Hodor;Hodor;Hodor;;;;;;;;;x
EVTOPTAplot_events_CK2plus.16;Hodor;Hodor;Hodor;Hodor;Hodor;;;;;;;;;x
EVTDESCplot_events_CK2plus.17;Hodor;Hodor;Hodor;Hodor;Hodor;;;;;;;;;x
EVTOPTAplot_events_CK2plus.17;Hodor;Hodor;Hodor;Hodor;Hodor;;;;;;;;;x
EVTDESCplot_events_CK2plus.18;Hodor;Hodor;Hodor;Hodor;Hodor;;;;;;;;;x
EVTOPTAplot_events_CK2plus.18;Hodor;Hodor;Hodor;Hodor;Hodor;;;;;;;;;x
EVTOPTBplot_events_CK2plus.18;Hodor;Hodor;Hodor;Hodor;Hodor;;;;;;;;;x
EVTOPTCplot_events_CK2plus.18;Hodor;Hodor;Hodor;Hodor;Hodor;;;;;;;;;x
EVTDESCplot_events_CK2plus.19;Hodor;Hodor;Hodor;Hodor;Hodor;;;;;;;;;x
EVTOPTAplot_events_CK2plus.19;Hodor;Hodor;Hodor;Hodor;Hodor;;;;;;;;;x
EVTDESCplot_events_CK2plus.20;Hodor;Hodor;Hodor;Hodor;Hodor;;;;;;;;;x
EVTOPTAplot_events_CK2plus.20;Hodor;Hodor;Hodor;Hodor;Hodor;;;;;;;;;x
EVTOPTBplot_events_CK2plus.20;Hodor;Hodor;Hodor;Hodor;Hodor;;;;;;;;;x
EVTDESCplot_events_CK2plus.21;Hodor;Hodor;Hodor;Hodor;Hodor;;;;;;;;;x
EVTOPTAplot_events_CK2plus.21;Hodor;Hodor;Hodor;Hodor;Hodor;;;;;;;;;x
EVTDESCplot_events_CK2plus.22;Hodor;Hodor;Hodor;Hodor;Hodor;;;;;;;;;x
EVTOPTAplot_events_CK2plus.22;Hodor;Hodor;Hodor;Hodor;Hodor;;;;;;;;;x
EVTDESCplot_events_CK2plus.2299;Hodor;Hodor;Hodor;Hodor;Hodor;;;;;;;;;x
EVTOPTAplot_events_CK2plus.2299;Hodor;Hodor;Hodor;Hodor;Hodor;;;;;;;;;x
EVTDESCplot_events_CK2plus.23;Hodor;Hodor;Hodor;Hodor;Hodor;;;;;;;;;x
EVTOPTAplot_events_CK2plus.23;Hodor;Hodor;Hodor;Hodor;Hodor;;;;;;;;;x
EVTDESCplot_events_CK2plus.24;Hodor;Hodor;Hodor;Hodor;Hodor;;;;;;;;;x
EVTOPTAplot_events_CK2plus.24;Hodor;Hodor;Hodor;Hodor;Hodor;;;;;;;;;x
EVTDESCplot_events_CK2plus.2499;Hodor;Hodor;Hodor;Hodor;Hodor;;;;;;;;;x
EVTOPTAplot_events_CK2plus.2499;Hodor;Hodor;Hodor;Hodor;Hodor;;;;;;;;;x
EVTDESCplot_events_CK2plus.25;Hodor;Hodor;Hodor;Hodor;Hodor;;;;;;;;;x
EVTOPTAplot_events_CK2plus.25;Hodor;Hodor;Hodor;Hodor;Hodor;;;;;;;;;x
EVTDESCplot_events_CK2plus.26;Hodor;Hodor;Hodor;Hodor;Hodor;;;;;;;;;x
EVTOPTAplot_events_CK2plus.26;Hodor;Hodor;Hodor;Hodor;Hodor;;;;;;;;;x
EVTDESCplot_events_CK2plus.2699;Hodor;Hodor;Hodor;Hodor;Hodor;;;;;;;;;x
EVTOPTAplot_events_CK2plus.2699;Hodor;Hodor;Hodor;Hodor;Hodor;;;;;;;;;x
EVTDESCplot_events_CK2plus.27;Hodor;Hodor;Hodor;Hodor;Hodor;;;;;;;;;x
EVTOPTAplot_events_CK2plus.27;Hodor;Hodor;Hodor;Hodor;Hodor;;;;;;;;;x
EVTOPTBplot_events_CK2plus.27;Hodor;Hodor;Hodor;Hodor;Hodor;;;;;;;;;x
EVTDESCplot_events_CK2plus.28;Hodor;Hodor;Hodor;Hodor;Hodor;;;;;;;;;x
EVTOPTAplot_events_CK2plus.28;Hodor;Hodor;Hodor;Hodor;Hodor;;;;;;;;;x
EVTDESCplot_events_CK2plus.29;Hodor;Hodor;Hodor;Hodor;Hodor;;;;;;;;;x
EVTOPTAplot_events_CK2plus.29;Hodor;Hodor;Hodor;Hodor;Hodor;;;;;;;;;x
EVTDESCplot_events_CK2plus.30;Hodor;Hodor;Hodor;Hodor;Hodor;;;;;;;;;x
EVTOPTAplot_events_CK2plus.30;Hodor;Hodor;Hodor;Hodor;Hodor;;;;;;;;;x
EVTDESCplot_events_CK2plus.31;Hodor;Hodor;Hodor;Hodor;Hodor;;;;;;;;;x
EVTOPTAplot_events_CK2plus.31;Hodor;Hodor;Hodor;Hodor;Hodor;;;;;;;;;x
EVTDESCplot_events_CK2plus.32;Hodor;Hodor;Hodor;Hodor;Hodor;;;;;;;;;x
EVTOPTAplot_events_CK2plus.32;Hodor;Hodor;Hodor;Hodor;Hodor;;;;;;;;;x
EVTDESCplot_events_CK2plus.33;Hodor;Hodor;Hodor;Hodor;Hodor;;;;;;;;;x
EVTOPTAplot_events_CK2plus.33;Hodor;Hodor;Hodor;Hodor;Hodor;;;;;;;;;x
EVTDESCplot_events_CK2plus.34;Hodor;Hodor;Hodor;Hodor;Hodor;;;;;;;;;x
EVTOPTAplot_events_CK2plus.34;Hodor;Hodor;Hodor;Hodor;Hodor;;;;;;;;;x
EVTOPTBplot_events_CK2plus.34;Hodor;Hodor;Hodor;Hodor;Hodor;;;;;;;;;x
EVTDESCplot_events_CK2plus.35;Hodor;Hodor;Hodor;Hodor;Hodor;;;;;;;;;x
EVTOPTAplot_events_CK2plus.35;Hodor;Hodor;Hodor;Hodor;Hodor;;;;;;;;;x
EVTDESCplot_events_CK2plus.36;Hodor;Hodor;Hodor;Hodor;Hodor;;;;;;;;;x
EVTOPTAplot_events_CK2plus.36;Hodor;Hodor;Hodor;Hodor;Hodor;;;;;;;;;x
EVTDESCplot_events_CK2plus.37;Hodor;Hodor;Hodor;Hodor;Hodor;;;;;;;;;x
EVTOPTAplot_events_CK2plus.37;Hodor;Hodor;Hodor;Hodor;Hodor;;;;;;;;;x
EVTDESCplot_events_CK2plus.38;Hodor;Hodor;Hodor;Hodor;Hodor;;;;;;;;;x
EVTOPTAplot_events_CK2plus.38;Hodor;Hodor;Hodor;Hodor;Hodor;;;;;;;;;x
EVTDESCplot_events_CK2plus.39;Hodor;Hodor;Hodor;Hodor;Hodor;;;;;;;;;x
EVTOPTAplot_events_CK2plus.39;Hodor;Hodor;Hodor;Hodor;Hodor;;;;;;;;;x
EVTDESCplot_events_CK2plus.40;Hodor;Hodor;Hodor;Hodor;Hodor;;;;;;;;;x
EVTOPTAplot_events_CK2plus.40;Hodor;Hodor;Hodor;Hodor;Hodor;;;;;;;;;x
EVTDESCplot_events_CK2plus.41;Hodor;Hodor;Hodor;Hodor;Hodor;;;;;;;;;x
EVTOPTAplot_events_CK2plus.41;Hodor;Hodor;Hodor;Hodor;Hodor;;;;;;;;;x
EVTDESCplot_events_CK2plus.42;Hodor;Hodor;Hodor;Hodor;Hodor;;;;;;;;;x
EVTOPTAplot_events_CK2plus.42;Hodor;Hodor;Hodor;Hodor;Hodor;;;;;;;;;x
EVTDESCplot_events_CK2plus.43;Hodor;Hodor;Hodor;Hodor;Hodor;;;;;;;;;x
repay_loan_50;Hodor;Hodor;Hodor;Hodor;Hodor;;;;;;;;;x
repay_loan_50_desc;Hodor;Hodor;Hodor;Hodor;Hodor;;;;;;;;;x
repay_loan_100;Hodor;Hodor;Hodor;Hodor;Hodor;;;;;;;;;x
repay_loan_100_desc;Hodor;Hodor;Hodor;Hodor;Hodor;;;;;;;;;x
repay_loan_200;Hodor;Hodor;Hodor;Hodor;Hodor;;;;;;;;;x
repay_loan_200_desc;Hodor;Hodor;Hodor;Hodor;Hodor;;;;;;;;;x
repay_loan_400;Hodor;Hodor;Hodor;Hodor;Hodor;;;;;;;;;x
repay_loan_400_desc;Hodor;Hodor;Hodor;Hodor;Hodor;;;;;;;;;x
repay_loan_600;Hodor;Hodor;Hodor;Hodor;Hodor;;;;;;;;;x
repay_loan_600_desc;Hodor;Hodor;Hodor;Hodor;Hodor;;;;;;;;;x
repay_loan_800;Hodor;Hodor;Hodor;Hodor;Hodor;;;;;;;;;x
repay_loan_800_desc;Hodor;Hodor;Hodor;Hodor;Hodor;;;;;;;;;x
repay_loan_1000;Hodor;Hodor;Hodor;Hodor;Hodor;;;;;;;;;x
repay_loan_1000_desc;Hodor;Hodor;Hodor;Hodor;Hodor;;;;;;;;;x
EVTDESC64200;Hodor;Hodor;Hodor;Hodor;Hodor;;;;;;;;;x
EVTOPTA64200;Hodor;Hodor;Hodor;Hodor;Hodor;;;;;;;;;x
EVTOPTB64200;Hodor;Hodor;Hodor;Hodor;Hodor;;;;;;;;;x
EVTOPTC64200;Hodor;Hodor;Hodor;Hodor;Hodor;;;;;;;;;x
EVTOPTD64200;Hodor;Hodor;Hodor;Hodor;Hodor;;;;;;;;;x
executed_kin;Hodor;Hodor;Hodor;Hodor;Hodor;;;;;;;;;x
attempted_murder_of_close_kin;Hodor;Hodor;Hodor;Hodor;Hodor;;;;;;;;;x
attempted_murder_of_spouse;Hodor;Hodor;Hodor;Hodor;Hodor;;;;;;;;;x
killed_vassal;Hodor;Hodor;Hodor;Hodor;Hodor;;;;;;;;;x
EVTDESCdishonorable.2;Hodor;Hodor;Hodor;Hodor;Hodor;;;;;;;;;x
EVTOPTAdishonorable.2;Hodor;Hodor;Hodor;Hodor;Hodor;;;;;;;;;x
EVTOPTBdishonorable.2;Hodor;Hodor;Hodor;Hodor;Hodor;;;;;;;;;x
EVTOPTCdishonorable.2;Hodor;Hodor;Hodor;Hodor;Hodor;;;;;;;;;x
EVTOPTDdishonorable.2;Hodor;Hodor;Hodor;Hodor;Hodor;;;;;;;;;x
EVTDESCdishonorable.3;Hodor;Hodor;Hodor;Hodor;Hodor;;;;;;;;;x
EVTOPTAdishonorable.3;Hodor;Hodor;Hodor;Hodor;Hodor;;;;;;;;;x
CUSTOMTOOLTIP33;Hodor;Hodor;Hodor;Hodor;Hodor;;;;;;;;;x
CUSTOMTOOLTIP34;Hodor;Hodor;Hodor;Hodor;Hodor;;;;;;;;;x
CUSTOMTOOLTIP35;Hodor;Hodor;Hodor;Hodor;Hodor;;;;;;;;;x
kidnapped_me;Hodor;Hodor;Hodor;Hodor;Hodor;;;;;;;;;x
CUSTOMTOOLTIP32;Hodor;Hodor;Hodor;Hodor;Hodor;;;;;;;;;x
plot_fabricate_treason_liege_title;Hodor;Hodor;Hodor;Hodor;Hodor;;;;;;;;;x
plot_fabricate_treason_liege_desc;Hodor;Hodor;Hodor;Hodor;Hodor;;;;;;;;;x
opinion_spurned_CK2+;Hodor;Hodor;Hodor;Hodor;Hodor;;;;;;;;;x
TOOLTIP190045;Hodor;Hodor;Hodor;Hodor;Hodor;;;;;;;;;x
EVTDESC190045;Hodor;Hodor;Hodor;Hodor;Hodor;;;;;;;;;x
EVTOPTA190045;Hodor;Hodor;Hodor;Hodor;Hodor;;;;;;;;;x
EVTOPTB190045;Hodor;Hodor;Hodor;Hodor;Hodor;;;;;;;;;x
EVTOPTD190045;Hodor;Hodor;Hodor;Hodor;Hodor;;;;;;;;;x
EVTOPTC190045;Hodor;Hodor;Hodor;Hodor;Hodor;;;;;;;;;x
EVTOPTD190044;Hodor;Hodor;Hodor;Hodor;Hodor;;;;;;;;;x
EVTDESC_Plus_150_transit;Hodor;Hodor;Hodor;Hodor;Hodor;;;;;;;;;x
EVTDESC_Plus_150_bed;Hodor;Hodor;Hodor;Hodor;Hodor;;;;;;;;;x
EVTDESC_Plus_150_hunting;Hodor;Hodor;Hodor;Hodor;Hodor;;;;;;;;;x
EVTDESC_Plus_150_carouse;Hodor;Hodor;Hodor;Hodor;Hodor;;;;;;;;;x
EVTOPTA_Plus_150;Hodor;Hodor;Hodor;Hodor;Hodor;;;;;;;;;x
EVTOPTB_Plus_150;Hodor;Hodor;Hodor;Hodor;Hodor;;;;;;;;;x
EVTDESC_Plus_151;Hodor;Hodor;Hodor;Hodor;Hodor;;;;;;;;;x
EVTOPTA_Plus_151;Hodor;Hodor;Hodor;Hodor;Hodor;;;;;;;;;x
EVTDESC_Plus_152;Hodor;Hodor;Hodor;Hodor;Hodor;;;;;;;;;x
CUSTOMTOOLTIP_KIDNAP1;Hodor;Hodor;Hodor;Hodor;Hodor;;;;;;;;;x
CUSTOMTOOLTIP_KIDNAP2;Hodor;Hodor;Hodor;Hodor;Hodor;;;;;;;;;x
CUSTOMTOOLTIP_KIDNAP3;Hodor;Hodor;Hodor;Hodor;Hodor;;;;;;;;;x
KIDNAP_DECIDE;Hodor;Hodor;Hodor;Hodor;Hodor;;;;;;;;;x
KIDNAP_DEMAND_TITLE;Hodor;Hodor;Hodor;Hodor;Hodor;;;;;;;;;x
KIDNAP_DEMAND_VASSAL;Hodor;Hodor;Hodor;Hodor;Hodor;;;;;;;;;x
KIDNAP_IS_SET_FREE;Hodor;Hodor;Hodor;Hodor;Hodor;;;;;;;;;x
KIDNAP_MURDER_DISCOVERED;Hodor;Hodor;Hodor;Hodor;Hodor;;;;;;;;;x
KIDNAP_MURDER_DISCOVERED2;Hodor;Hodor;Hodor;Hodor;Hodor;;;;;;;;;x
KIDNAP_MURDER_NOT_DISCOVERED;Hodor;Hodor;Hodor;Hodor;Hodor;;;;;;;;;x
KIDNAP_RELEASED;Hodor;Hodor;Hodor;Hodor;Hodor;;;;;;;;;x
EVTDESC_Plus_215;Hodor;Hodor;Hodor;Hodor;Hodor;;;;;;;;;x
EVTOPTA_Plus_215;Hodor;Hodor;Hodor;Hodor;Hodor;;;;;;;;;x
EVTOPTB_Plus_215;Hodor;Hodor;Hodor;Hodor;Hodor;;;;;;;;;x
EVTOPTC_Plus_215;Hodor;Hodor;Hodor;Hodor;Hodor;;;;;;;;;x
EVTOPTD_Plus_215;Hodor;Hodor;Hodor;Hodor;Hodor;;;;;;;;;x
EVTDESC_Plus_216;Hodor;Hodor;Hodor;Hodor;Hodor;;;;;;;;;x
EVTOPTA_Plus_216;Hodor;Hodor;Hodor;Hodor;Hodor;;;;;;;;;x
EVTDESC_Plus_217;Hodor;Hodor;Hodor;Hodor;Hodor;;;;;;;;;x
EVTDESC_Plus_218;Hodor;Hodor;Hodor;Hodor;Hodor;;;;;;;;;x
EVTOPTA_Plus_218;Hodor;Hodor;Hodor;Hodor;Hodor;;;;;;;;;x
EVTOPTB_Plus_218;Hodor;Hodor;Hodor;Hodor;Hodor;;;;;;;;;x
EVTDESC_Plus_219;Hodor;Hodor;Hodor;Hodor;Hodor;;;;;;;;;x
EVTDESC_Plus_220;Hodor;Hodor;Hodor;Hodor;Hodor;;;;;;;;;x
EVTDESC_Plus_221;Hodor;Hodor;Hodor;Hodor;Hodor;;;;;;;;;x
EVTOPTA_Plus_221;Hodor;Hodor;Hodor;Hodor;Hodor;;;;;;;;;x
EVTOPTB_Plus_221;Hodor;Hodor;Hodor;Hodor;Hodor;;;;;;;;;x
EVTOPTC_Plus_221;Hodor;Hodor;Hodor;Hodor;Hodor;;;;;;;;;x
EVTDESC_Plus_222;Hodor;Hodor;Hodor;Hodor;Hodor;;;;;;;;;x
EVTDESC_Plus_223;Hodor;Hodor;Hodor;Hodor;Hodor;;;;;;;;;x
EVTDESC_Plus_224;Hodor;Hodor;Hodor;Hodor;Hodor;;;;;;;;;x
EVTOPTA_Plus_224;Hodor;Hodor;Hodor;Hodor;Hodor;;;;;;;;;x
EVTDESC_Plus_225;Hodor;Hodor;Hodor;Hodor;Hodor;;;;;;;;;x
EVTOPTA_Plus_225;Hodor;Hodor;Hodor;Hodor;Hodor;;;;;;;;;x
EVTDESC_Plus_226;Hodor;Hodor;Hodor;Hodor;Hodor;;;;;;;;;x
EVTDESC_Plus_227;Hodor;Hodor;Hodor;Hodor;Hodor;;;;;;;;;x
EVTDESC_Plus_228;Hodor;Hodor;Hodor;Hodor;Hodor;;;;;;;;;x
EVTDESC_Plus_229;Hodor;Hodor;Hodor;Hodor;Hodor;;;;;;;;;x
EVTDESC_Plus_230;Hodor;Hodor;Hodor;Hodor;Hodor;;;;;;;;;x
EVTOPTA_Plus_230;Hodor;Hodor;Hodor;Hodor;Hodor;;;;;;;;;x
EVTDESC_Plus_231;Hodor;Hodor;Hodor;Hodor;Hodor;;;;;;;;;x
EVTDESC_Plus_232;Hodor;Hodor;Hodor;Hodor;Hodor;;;;;;;;;x
opinion_kidnapped_kin;Hodor;Hodor;Hodor;Hodor;Hodor;;;;;;;;;x
