######Hightower Nicknames;Hodor;Hodor;Hodor;Hodor;Hodor;;;;;;;;;x
nick_the_black_tower;Hodor;Hodor;Hodor;Hodor;Hodor;;;;;;;;;x
nick_the_white_tower;Hodor;Hodor;Hodor;Hodor;Hodor;;;;;;;;;x
nick_the_crazed_tower;Hodor;Hodor;Hodor;Hodor;Hodor;;;;;;;;;x
nick_the_wild_tower;Hodor;Hodor;Hodor;Hodor;Hodor;;;;;;;;;x
nick_the_harmless_tower;Hodor;Hodor;Hodor;Hodor;Hodor;;;;;;;;;x
nick_the_big_tower;Hodor;Hodor;Hodor;Hodor;Hodor;;;;;;;;;x
nick_the_strong_tower;Hodor;Hodor;Hodor;Hodor;Hodor;;;;;;;;;x
nick_the_charming_tower;Hodor;Hodor;Hodor;Hodor;Hodor;;;;;;;;;x
nick_the_grotesque_tower;Hodor;Hodor;Hodor;Hodor;Hodor;;;;;;;;;x
nick_the_little_tower;Hodor;Hodor;Hodor;Hodor;Hodor;;;;;;;;;x
nick_the_wise_tower;Hodor;Hodor;Hodor;Hodor;Hodor;;;;;;;;;x
nick_the_simple_tower;Hodor;Hodor;Hodor;Hodor;Hodor;;;;;;;;;x
nick_the_learned_tower;Hodor;Hodor;Hodor;Hodor;Hodor;;;;;;;;;x
nick_the_delicate_tower;Hodor;Hodor;Hodor;Hodor;Hodor;;;;;;;;;x
nick_the_suspicious_tower;Hodor;Hodor;Hodor;Hodor;Hodor;;;;;;;;;x
nick_the_headstrong_tower;Hodor;Hodor;Hodor;Hodor;Hodor;;;;;;;;;x
nick_the_tower_knight;Hodor;Hodor;Hodor;Hodor;Hodor;;;;;;;;;x
######Manderly Nicknames;Hodor;Hodor;Hodor;Hodor;Hodor;;;;;;;;;x
nick_the_black_merman;Hodor;Hodor;Hodor;Hodor;Hodor;;;;;;;;;x
nick_the_white_merman;Hodor;Hodor;Hodor;Hodor;Hodor;;;;;;;;;x
nick_the_crazed_merman;Hodor;Hodor;Hodor;Hodor;Hodor;;;;;;;;;x
nick_the_wild_merman;Hodor;Hodor;Hodor;Hodor;Hodor;;;;;;;;;x
nick_the_harmless_merman;Hodor;Hodor;Hodor;Hodor;Hodor;;;;;;;;;x
nick_the_big_merman;Hodor;Hodor;Hodor;Hodor;Hodor;;;;;;;;;x
nick_the_strong_merman;Hodor;Hodor;Hodor;Hodor;Hodor;;;;;;;;;x
nick_the_charming_merman;Hodor;Hodor;Hodor;Hodor;Hodor;;;;;;;;;x
nick_the_grotesque_merman;Hodor;Hodor;Hodor;Hodor;Hodor;;;;;;;;;x
nick_the_little_merman;Hodor;Hodor;Hodor;Hodor;Hodor;;;;;;;;;x
nick_the_wise_merman;Hodor;Hodor;Hodor;Hodor;Hodor;;;;;;;;;x
nick_the_simple_merman;Hodor;Hodor;Hodor;Hodor;Hodor;;;;;;;;;x
nick_the_learned_merman;Hodor;Hodor;Hodor;Hodor;Hodor;;;;;;;;;x
nick_the_delicate_merman;Hodor;Hodor;Hodor;Hodor;Hodor;;;;;;;;;x
nick_the_suspicious_merman;Hodor;Hodor;Hodor;Hodor;Hodor;;;;;;;;;x
nick_the_headstrong_merman;Hodor;Hodor;Hodor;Hodor;Hodor;;;;;;;;;x
####Shablone - Female;Hodor;Hodor;Hodor;Hodor;Hodor;;;;;;;;;x
nick_the_black_mermaid;Hodor;Hodor;Hodor;Hodor;Hodor;;;;;;;;;x
nick_the_white_mermaid;Hodor;Hodor;Hodor;Hodor;Hodor;;;;;;;;;x
nick_the_crazed_mermaid;Hodor;Hodor;Hodor;Hodor;Hodor;;;;;;;;;x
nick_the_wild_mermaid;Hodor;Hodor;Hodor;Hodor;Hodor;;;;;;;;;x
nick_the_harmless_mermaid;Hodor;Hodor;Hodor;Hodor;Hodor;;;;;;;;;x
nick_the_big_mermaid;Hodor;Hodor;Hodor;Hodor;Hodor;;;;;;;;;x
nick_the_strong_mermaid;Hodor;Hodor;Hodor;Hodor;Hodor;;;;;;;;;x
nick_the_charming_mermaid;Hodor;Hodor;Hodor;Hodor;Hodor;;;;;;;;;x
nick_the_grotesque_mermaid;Hodor;Hodor;Hodor;Hodor;Hodor;;;;;;;;;x
nick_the_little_mermaid;Hodor;Hodor;Hodor;Hodor;Hodor;;;;;;;;;x
nick_the_wise_mermaid;Hodor;Hodor;Hodor;Hodor;Hodor;;;;;;;;;x
nick_the_simple_mermaid;Hodor;Hodor;Hodor;Hodor;Hodor;;;;;;;;;x
nick_the_learned_mermaid;Hodor;Hodor;Hodor;Hodor;Hodor;;;;;;;;;x
nick_the_delicate_mermaid;Hodor;Hodor;Hodor;Hodor;Hodor;;;;;;;;;x
nick_the_suspicious_mermaid;Hodor;Hodor;Hodor;Hodor;Hodor;;;;;;;;;x
nick_the_headstrong_mermaid;Hodor;Hodor;Hodor;Hodor;Hodor;;;;;;;;;x
######Mormont Nicknames;Hodor;Hodor;Hodor;Hodor;Hodor;;;;;;;;;x
nick_the_black_bear;Hodor;Hodor;Hodor;Hodor;Hodor;;;;;;;;;x
nick_the_white_bear;Hodor;Hodor;Hodor;Hodor;Hodor;;;;;;;;;x
nick_the_crazed_bear;Hodor;Hodor;Hodor;Hodor;Hodor;;;;;;;;;x
nick_the_wild_bear;Hodor;Hodor;Hodor;Hodor;Hodor;;;;;;;;;x
nick_the_harmless_bear;Hodor;Hodor;Hodor;Hodor;Hodor;;;;;;;;;x
nick_the_big_bear;Hodor;Hodor;Hodor;Hodor;Hodor;;;;;;;;;x
nick_the_strong_bear;Hodor;Hodor;Hodor;Hodor;Hodor;;;;;;;;;x
nick_the_charming_bear;Hodor;Hodor;Hodor;Hodor;Hodor;;;;;;;;;x
nick_the_grotesque_bear;Hodor;Hodor;Hodor;Hodor;Hodor;;;;;;;;;x
nick_the_little_bear;Hodor;Hodor;Hodor;Hodor;Hodor;;;;;;;;;x
nick_the_wise_bear;Hodor;Hodor;Hodor;Hodor;Hodor;;;;;;;;;x
nick_the_simple_bear;Hodor;Hodor;Hodor;Hodor;Hodor;;;;;;;;;x
nick_the_learned_bear;Hodor;Hodor;Hodor;Hodor;Hodor;;;;;;;;;x
nick_the_delicate_bear;Hodor;Hodor;Hodor;Hodor;Hodor;;;;;;;;;x
nick_the_suspicious_bear;Hodor;Hodor;Hodor;Hodor;Hodor;;;;;;;;;x
nick_the_headstrong_bear;Hodor;Hodor;Hodor;Hodor;Hodor;;;;;;;;;x
nick_the_bear_knight;Hodor;Hodor;Hodor;Hodor;Hodor;;;;;;;;;x
######Arryn Nicknames;Hodor;Hodor;Hodor;Hodor;Hodor;;;;;;;;;x
nick_the_black_falcon;Hodor;Hodor;Hodor;Hodor;Hodor;;;;;;;;;x
nick_the_white_falcon;Hodor;Hodor;Hodor;Hodor;Hodor;;;;;;;;;x
nick_the_crazed_falcon;Hodor;Hodor;Hodor;Hodor;Hodor;;;;;;;;;x
nick_the_wild_falcon;Hodor;Hodor;Hodor;Hodor;Hodor;;;;;;;;;x
nick_the_harmless_falcon;Hodor;Hodor;Hodor;Hodor;Hodor;;;;;;;;;x
nick_the_big_falcon;Hodor;Hodor;Hodor;Hodor;Hodor;;;;;;;;;x
nick_the_strong_falcon;Hodor;Hodor;Hodor;Hodor;Hodor;;;;;;;;;x
nick_the_charming_falcon;Hodor;Hodor;Hodor;Hodor;Hodor;;;;;;;;;x
nick_the_grotesque_falcon;Hodor;Hodor;Hodor;Hodor;Hodor;;;;;;;;;x
nick_the_little_falcon;Hodor;Hodor;Hodor;Hodor;Hodor;;;;;;;;;x
nick_the_wise_falcon;Hodor;Hodor;Hodor;Hodor;Hodor;;;;;;;;;x
nick_the_simple_falcon;Hodor;Hodor;Hodor;Hodor;Hodor;;;;;;;;;x
nick_the_learned_falcon;Hodor;Hodor;Hodor;Hodor;Hodor;;;;;;;;;x
nick_the_delicate_falcon;Hodor;Hodor;Hodor;Hodor;Hodor;;;;;;;;;x
nick_the_suspicious_falcon;Hodor;Hodor;Hodor;Hodor;Hodor;;;;;;;;;x
nick_the_headstrong_falcon;Hodor;Hodor;Hodor;Hodor;Hodor;;;;;;;;;x
nick_the_laughing_falcon;Hodor;Hodor;Hodor;Hodor;Hodor;;;;;;;;;x
nick_the_falconknight;Hodor;Hodor;Hodor;Hodor;Hodor;;;;;;;;;x
######Florent Nicknames;Hodor;Hodor;Hodor;Hodor;Hodor;;;;;;;;;x
nick_the_black_fox;Hodor;Hodor;Hodor;Hodor;Hodor;;;;;;;;;x
nick_the_white_fox;Hodor;Hodor;Hodor;Hodor;Hodor;;;;;;;;;x
nick_the_crazed_fox;Hodor;Hodor;Hodor;Hodor;Hodor;;;;;;;;;x
nick_the_wild_fox;Hodor;Hodor;Hodor;Hodor;Hodor;;;;;;;;;x
nick_the_harmless_fox;Hodor;Hodor;Hodor;Hodor;Hodor;;;;;;;;;x
nick_the_big_fox;Hodor;Hodor;Hodor;Hodor;Hodor;;;;;;;;;x
nick_the_strong_fox;Hodor;Hodor;Hodor;Hodor;Hodor;;;;;;;;;x
nick_the_charming_fox;Hodor;Hodor;Hodor;Hodor;Hodor;;;;;;;;;x
nick_the_grotesque_fox;Hodor;Hodor;Hodor;Hodor;Hodor;;;;;;;;;x
nick_the_little_fox;Hodor;Hodor;Hodor;Hodor;Hodor;;;;;;;;;x
nick_the_wise_fox;Hodor;Hodor;Hodor;Hodor;Hodor;;;;;;;;;x
nick_the_simple_fox;Hodor;Hodor;Hodor;Hodor;Hodor;;;;;;;;;x
nick_the_learned_fox;Hodor;Hodor;Hodor;Hodor;Hodor;;;;;;;;;x
nick_the_delicate_fox;Hodor;Hodor;Hodor;Hodor;Hodor;;;;;;;;;x
nick_the_suspicious_fox;Hodor;Hodor;Hodor;Hodor;Hodor;;;;;;;;;x
nick_the_headstrong_fox;Hodor;Hodor;Hodor;Hodor;Hodor;;;;;;;;;x
nick_the_fox_knight;Hodor;Hodor;Hodor;Hodor;Hodor;;;;;;;;;x
######Greyjoy Nicknames;Hodor;Hodor;Hodor;Hodor;Hodor;;;;;;;;;x
nick_the_black_cracken;Hodor;Hodor;Hodor;Hodor;Hodor;;;;;;;;;x
nick_the_white_cracken;Hodor;Hodor;Hodor;Hodor;Hodor;;;;;;;;;x
nick_the_crazed_cracken;Hodor;Hodor;Hodor;Hodor;Hodor;;;;;;;;;x
nick_the_wild_cracken;Hodor;Hodor;Hodor;Hodor;Hodor;;;;;;;;;x
nick_the_harmless_cracken;Hodor;Hodor;Hodor;Hodor;Hodor;;;;;;;;;x
nick_the_big_cracken;Hodor;Hodor;Hodor;Hodor;Hodor;;;;;;;;;x
nick_the_strong_cracken;Hodor;Hodor;Hodor;Hodor;Hodor;;;;;;;;;x
nick_the_charming_cracken;Hodor;Hodor;Hodor;Hodor;Hodor;;;;;;;;;x
nick_the_grotesque_cracken;Hodor;Hodor;Hodor;Hodor;Hodor;;;;;;;;;x
nick_the_little_cracken;Hodor;Hodor;Hodor;Hodor;Hodor;;;;;;;;;x
nick_the_wise_cracken;Hodor;Hodor;Hodor;Hodor;Hodor;;;;;;;;;x
nick_the_simple_cracken;Hodor;Hodor;Hodor;Hodor;Hodor;;;;;;;;;x
nick_the_learned_cracken;Hodor;Hodor;Hodor;Hodor;Hodor;;;;;;;;;x
nick_the_delicate_cracken;Hodor;Hodor;Hodor;Hodor;Hodor;;;;;;;;;x
nick_the_suspicious_cracken;Hodor;Hodor;Hodor;Hodor;Hodor;;;;;;;;;x
nick_the_headstrong_cracken;Hodor;Hodor;Hodor;Hodor;Hodor;;;;;;;;;x
nick_the_laughing_cracken;Hodor;Hodor;Hodor;Hodor;Hodor;;;;;;;;;x
######Tully Nicknames;Hodor;Hodor;Hodor;Hodor;Hodor;;;;;;;;;x
nick_the_black_fish;Hodor;Hodor;Hodor;Hodor;Hodor;;;;;;;;;x
nick_the_white_fish;Hodor;Hodor;Hodor;Hodor;Hodor;;;;;;;;;x
nick_the_crazed_fish;Hodor;Hodor;Hodor;Hodor;Hodor;;;;;;;;;x
nick_the_wild_fish;Hodor;Hodor;Hodor;Hodor;Hodor;;;;;;;;;x
nick_the_harmless_fish;Hodor;Hodor;Hodor;Hodor;Hodor;;;;;;;;;x
nick_the_big_fish;Hodor;Hodor;Hodor;Hodor;Hodor;;;;;;;;;x
nick_the_strong_fish;Hodor;Hodor;Hodor;Hodor;Hodor;;;;;;;;;x
nick_the_charming_fish;Hodor;Hodor;Hodor;Hodor;Hodor;;;;;;;;;x
nick_the_grotesque_fish;Hodor;Hodor;Hodor;Hodor;Hodor;;;;;;;;;x
nick_the_little_fish;Hodor;Hodor;Hodor;Hodor;Hodor;;;;;;;;;x
nick_the_wise_fish;Hodor;Hodor;Hodor;Hodor;Hodor;;;;;;;;;x
nick_the_simple_fish;Hodor;Hodor;Hodor;Hodor;Hodor;;;;;;;;;x
nick_the_learned_fish;Hodor;Hodor;Hodor;Hodor;Hodor;;;;;;;;;x
nick_the_delicate_fish;Hodor;Hodor;Hodor;Hodor;Hodor;;;;;;;;;x
nick_the_suspicious_fish;Hodor;Hodor;Hodor;Hodor;Hodor;;;;;;;;;x
nick_the_headstrong_fish;Hodor;Hodor;Hodor;Hodor;Hodor;;;;;;;;;x
nick_the_laughing_fish;Hodor;Hodor;Hodor;Hodor;Hodor;;;;;;;;;x
nick_the_fish_knight;Hodor;Hodor;Hodor;Hodor;Hodor;;;;;;;;;x
######Tyrell Nicknames;Hodor;Hodor;Hodor;Hodor;Hodor;;;;;;;;;x
nick_the_black_rose;Hodor;Hodor;Hodor;Hodor;Hodor;;;;;;;;;x
nick_the_white_rose;Hodor;Hodor;Hodor;Hodor;Hodor;;;;;;;;;x
nick_the_crazed_rose;Hodor;Hodor;Hodor;Hodor;Hodor;;;;;;;;;x
nick_the_wild_rose;Hodor;Hodor;Hodor;Hodor;Hodor;;;;;;;;;x
nick_the_harmless_rose;Hodor;Hodor;Hodor;Hodor;Hodor;;;;;;;;;x
nick_the_big_rose;Hodor;Hodor;Hodor;Hodor;Hodor;;;;;;;;;x
nick_the_strong_rose;Hodor;Hodor;Hodor;Hodor;Hodor;;;;;;;;;x
nick_the_charming_rose;Hodor;Hodor;Hodor;Hodor;Hodor;;;;;;;;;x
nick_the_grotesque_rose;Hodor;Hodor;Hodor;Hodor;Hodor;;;;;;;;;x
nick_the_little_rose;Hodor;Hodor;Hodor;Hodor;Hodor;;;;;;;;;x
nick_the_wise_rose;Hodor;Hodor;Hodor;Hodor;Hodor;;;;;;;;;x
nick_the_simple_rose;Hodor;Hodor;Hodor;Hodor;Hodor;;;;;;;;;x
nick_the_learned_rose;Hodor;Hodor;Hodor;Hodor;Hodor;;;;;;;;;x
nick_the_delicate_rose;Hodor;Hodor;Hodor;Hodor;Hodor;;;;;;;;;x
nick_the_suspicious_rose;Hodor;Hodor;Hodor;Hodor;Hodor;;;;;;;;;x
nick_the_headstrong_rose;Hodor;Hodor;Hodor;Hodor;Hodor;;;;;;;;;x
nick_the_rose_knight;Hodor;Hodor;Hodor;Hodor;Hodor;;;;;;;;;x
nick_the_knight_of_flowersB;Hodor;Hodor;Hodor;Hodor;Hodor;;;;;;;;;x
######Martel Nicknames;Hodor;Hodor;Hodor;Hodor;Hodor;;;;;;;;;x
nick_the_black_spear;Hodor;Hodor;Hodor;Hodor;Hodor;;;;;;;;;x
nick_the_white_spear;Hodor;Hodor;Hodor;Hodor;Hodor;;;;;;;;;x
nick_the_crazed_spear;Hodor;Hodor;Hodor;Hodor;Hodor;;;;;;;;;x
nick_the_wild_spear;Hodor;Hodor;Hodor;Hodor;Hodor;;;;;;;;;x
nick_the_harmless_spear;Hodor;Hodor;Hodor;Hodor;Hodor;;;;;;;;;x
nick_the_big_spear;Hodor;Hodor;Hodor;Hodor;Hodor;;;;;;;;;x
nick_the_strong_spear;Hodor;Hodor;Hodor;Hodor;Hodor;;;;;;;;;x
nick_the_charming_spear;Hodor;Hodor;Hodor;Hodor;Hodor;;;;;;;;;x
nick_the_grotesque_spear;Hodor;Hodor;Hodor;Hodor;Hodor;;;;;;;;;x
nick_the_little_spear;Hodor;Hodor;Hodor;Hodor;Hodor;;;;;;;;;x
nick_the_wise_spear;Hodor;Hodor;Hodor;Hodor;Hodor;;;;;;;;;x
nick_the_simple_spear;Hodor;Hodor;Hodor;Hodor;Hodor;;;;;;;;;x
nick_the_learned_spear;Hodor;Hodor;Hodor;Hodor;Hodor;;;;;;;;;x
nick_the_delicate_spear;Hodor;Hodor;Hodor;Hodor;Hodor;;;;;;;;;x
nick_the_suspicious_spear;Hodor;Hodor;Hodor;Hodor;Hodor;;;;;;;;;x
nick_the_headstrong_spear;Hodor;Hodor;Hodor;Hodor;Hodor;;;;;;;;;x
nick_spearknight;Hodor;Hodor;Hodor;Hodor;Hodor;;;;;;;;;x
######Lannister Nicknames;Hodor;Hodor;Hodor;Hodor;Hodor;;;;;;;;;x
nick_the_black_lion;Hodor;Hodor;Hodor;Hodor;Hodor;;;;;;;;;x
nick_the_white_lion;Hodor;Hodor;Hodor;Hodor;Hodor;;;;;;;;;x
nick_the_crazed_lion;Hodor;Hodor;Hodor;Hodor;Hodor;;;;;;;;;x
nick_the_wild_lion;Hodor;Hodor;Hodor;Hodor;Hodor;;;;;;;;;x
nick_the_harmless_lion;Hodor;Hodor;Hodor;Hodor;Hodor;;;;;;;;;x
nick_the_big_lion;Hodor;Hodor;Hodor;Hodor;Hodor;;;;;;;;;x
nick_the_strong_lion;Hodor;Hodor;Hodor;Hodor;Hodor;;;;;;;;;x
nick_the_charming_lion;Hodor;Hodor;Hodor;Hodor;Hodor;;;;;;;;;x
nick_the_grotesque_lion;Hodor;Hodor;Hodor;Hodor;Hodor;;;;;;;;;x
nick_the_little_lion;Hodor;Hodor;Hodor;Hodor;Hodor;;;;;;;;;x
nick_the_wise_lion;Hodor;Hodor;Hodor;Hodor;Hodor;;;;;;;;;x
nick_the_simple_lion;Hodor;Hodor;Hodor;Hodor;Hodor;;;;;;;;;x
nick_the_learned_lion;Hodor;Hodor;Hodor;Hodor;Hodor;;;;;;;;;x
nick_the_delicate_lion;Hodor;Hodor;Hodor;Hodor;Hodor;;;;;;;;;x
nick_the_suspicious_lion;Hodor;Hodor;Hodor;Hodor;Hodor;;;;;;;;;x
nick_the_headstrong_lion;Hodor;Hodor;Hodor;Hodor;Hodor;;;;;;;;;x
nick_the_lion_knight;Hodor;Hodor;Hodor;Hodor;Hodor;;;;;;;;;x
nick_the_toothless_lion;Hodor;Hodor;Hodor;Hodor;Hodor;;;;;;;;;x
######Targaryan Nicknames;Hodor;Hodor;Hodor;Hodor;Hodor;;;;;;;;;x
nick_the_black_dragon;Hodor;Hodor;Hodor;Hodor;Hodor;;;;;;;;;x
nick_the_white_dragon;Hodor;Hodor;Hodor;Hodor;Hodor;;;;;;;;;x
nick_the_crazed_dragon;Hodor;Hodor;Hodor;Hodor;Hodor;;;;;;;;;x
nick_the_wild_dragon;Hodor;Hodor;Hodor;Hodor;Hodor;;;;;;;;;x
nick_the_harmless_dragon;Hodor;Hodor;Hodor;Hodor;Hodor;;;;;;;;;x
nick_the_big_dragon;Hodor;Hodor;Hodor;Hodor;Hodor;;;;;;;;;x
nick_the_strong_dragon;Hodor;Hodor;Hodor;Hodor;Hodor;;;;;;;;;x
nick_the_strong_dragon2;Hodor;Hodor;Hodor;Hodor;Hodor;;;;;;;;;x
nick_the_charming_dragon;Hodor;Hodor;Hodor;Hodor;Hodor;;;;;;;;;x
nick_the_grotesque_dragon;Hodor;Hodor;Hodor;Hodor;Hodor;;;;;;;;;x
nick_the_little_dragon;Hodor;Hodor;Hodor;Hodor;Hodor;;;;;;;;;x
nick_the_wise_dragon;Hodor;Hodor;Hodor;Hodor;Hodor;;;;;;;;;x
nick_the_simple_dragon;Hodor;Hodor;Hodor;Hodor;Hodor;;;;;;;;;x
nick_the_learned_dragon;Hodor;Hodor;Hodor;Hodor;Hodor;;;;;;;;;x
nick_the_delicate_dragon;Hodor;Hodor;Hodor;Hodor;Hodor;;;;;;;;;x
nick_the_suspicious_dragon;Hodor;Hodor;Hodor;Hodor;Hodor;;;;;;;;;x
nick_the_headstrong_dragon;Hodor;Hodor;Hodor;Hodor;Hodor;;;;;;;;;x
nick_the_laughing_dragon;Hodor;Hodor;Hodor;Hodor;Hodor;;;;;;;;;x
nick_the_dragonknightB;Hodor;Hodor;Hodor;Hodor;Hodor;;;;;;;;;x
######Stark Nicknames;Hodor;Hodor;Hodor;Hodor;Hodor;;;;;;;;;x
nick_the_black_wolf;Hodor;Hodor;Hodor;Hodor;Hodor;;;;;;;;;x
nick_the_white_wolf;Hodor;Hodor;Hodor;Hodor;Hodor;;;;;;;;;x
nick_the_crazed_wolf;Hodor;Hodor;Hodor;Hodor;Hodor;;;;;;;;;x
nick_the_wild_wolf;Hodor;Hodor;Hodor;Hodor;Hodor;;;;;;;;;x
nick_the_harmless_wolf;Hodor;Hodor;Hodor;Hodor;Hodor;;;;;;;;;x
nick_the_big_wolf;Hodor;Hodor;Hodor;Hodor;Hodor;;;;;;;;;x
nick_the_strong_wolf;Hodor;Hodor;Hodor;Hodor;Hodor;;;;;;;;;x
nick_the_charming_wolf;Hodor;Hodor;Hodor;Hodor;Hodor;;;;;;;;;x
nick_the_grotesque_wolf;Hodor;Hodor;Hodor;Hodor;Hodor;;;;;;;;;x
nick_the_little_wolf;Hodor;Hodor;Hodor;Hodor;Hodor;;;;;;;;;x
nick_the_wise_wolf;Hodor;Hodor;Hodor;Hodor;Hodor;;;;;;;;;x
nick_the_simple_wolf;Hodor;Hodor;Hodor;Hodor;Hodor;;;;;;;;;x
nick_the_learned_wolf;Hodor;Hodor;Hodor;Hodor;Hodor;;;;;;;;;x
nick_the_delicate_wolf;Hodor;Hodor;Hodor;Hodor;Hodor;;;;;;;;;x
nick_the_suspicious_wolf;Hodor;Hodor;Hodor;Hodor;Hodor;;;;;;;;;x
nick_the_headstrong_wolf;Hodor;Hodor;Hodor;Hodor;Hodor;;;;;;;;;x
nick_the_laughing_wolf;Hodor;Hodor;Hodor;Hodor;Hodor;;;;;;;;;x
nick_the_wolf_knight;Hodor;Hodor;Hodor;Hodor;Hodor;;;;;;;;;x
######Baratheon Nicknames;Hodor;Hodor;Hodor;Hodor;Hodor;;;;;;;;;x
nick_the_black_stag;Hodor;Hodor;Hodor;Hodor;Hodor;;;;;;;;;x
nick_the_white_stag;Hodor;Hodor;Hodor;Hodor;Hodor;;;;;;;;;x
nick_the_crazed_stag;Hodor;Hodor;Hodor;Hodor;Hodor;;;;;;;;;x
nick_the_wild_stag;Hodor;Hodor;Hodor;Hodor;Hodor;;;;;;;;;x
nick_the_harmless_stag;Hodor;Hodor;Hodor;Hodor;Hodor;;;;;;;;;x
nick_the_big_stag;Hodor;Hodor;Hodor;Hodor;Hodor;;;;;;;;;x
nick_the_strong_stag;Hodor;Hodor;Hodor;Hodor;Hodor;;;;;;;;;x
nick_the_charming_stag;Hodor;Hodor;Hodor;Hodor;Hodor;;;;;;;;;x
nick_the_grotesque_stag;Hodor;Hodor;Hodor;Hodor;Hodor;;;;;;;;;x
nick_the_little_stag;Hodor;Hodor;Hodor;Hodor;Hodor;;;;;;;;;x
nick_the_wise_stag;Hodor;Hodor;Hodor;Hodor;Hodor;;;;;;;;;x
nick_the_simple_stag;Hodor;Hodor;Hodor;Hodor;Hodor;;;;;;;;;x
nick_the_learned_stag;Hodor;Hodor;Hodor;Hodor;Hodor;;;;;;;;;x
nick_the_delicate_stag;Hodor;Hodor;Hodor;Hodor;Hodor;;;;;;;;;x
nick_the_suspicious_stag;Hodor;Hodor;Hodor;Hodor;Hodor;;;;;;;;;x
nick_the_headstrong_stag;Hodor;Hodor;Hodor;Hodor;Hodor;;;;;;;;;x
nick_the_stag_knight;Hodor;Hodor;Hodor;Hodor;Hodor;;;;;;;;;x
######Grifindor (aka Connington) Nicknames;Hodor;Hodor;Hodor;Hodor;Hodor;;;;;;;;;x
nick_the_black_griffin;Hodor;Hodor;Hodor;Hodor;Hodor;;;;;;;;;x
nick_the_white_griffin;Hodor;Hodor;Hodor;Hodor;Hodor;;;;;;;;;x
nick_the_crazed_griffin;Hodor;Hodor;Hodor;Hodor;Hodor;;;;;;;;;x
nick_the_wild_griffin;Hodor;Hodor;Hodor;Hodor;Hodor;;;;;;;;;x
nick_the_harmless_griffin;Hodor;Hodor;Hodor;Hodor;Hodor;;;;;;;;;x
nick_the_big_griffin;Hodor;Hodor;Hodor;Hodor;Hodor;;;;;;;;;x
nick_the_strong_griffin;Hodor;Hodor;Hodor;Hodor;Hodor;;;;;;;;;x
nick_the_charming_griffin;Hodor;Hodor;Hodor;Hodor;Hodor;;;;;;;;;x
nick_the_grotesque_griffin;Hodor;Hodor;Hodor;Hodor;Hodor;;;;;;;;;x
nick_the_little_griffin;Hodor;Hodor;Hodor;Hodor;Hodor;;;;;;;;;x
nick_the_wise_griffin;Hodor;Hodor;Hodor;Hodor;Hodor;;;;;;;;;x
nick_the_simple_griffin;Hodor;Hodor;Hodor;Hodor;Hodor;;;;;;;;;x
nick_the_learned_griffin;Hodor;Hodor;Hodor;Hodor;Hodor;;;;;;;;;x
nick_the_delicate_griffin;Hodor;Hodor;Hodor;Hodor;Hodor;;;;;;;;;x
nick_the_suspicious_griffin;Hodor;Hodor;Hodor;Hodor;Hodor;;;;;;;;;x
nick_the_headstrong_griffin;Hodor;Hodor;Hodor;Hodor;Hodor;;;;;;;;;x
nick_the_griffin_knight;Hodor;Hodor;Hodor;Hodor;Hodor;;;;;;;;;x
######Oakheart Nicknames;Hodor;Hodor;Hodor;Hodor;Hodor;;;;;;;;;x
nick_the_black_oak;Hodor;Hodor;Hodor;Hodor;Hodor;;;;;;;;;x
nick_the_white_oak;Hodor;Hodor;Hodor;Hodor;Hodor;;;;;;;;;x
nick_the_crazed_oak;Hodor;Hodor;Hodor;Hodor;Hodor;;;;;;;;;x
nick_the_wild_oak;Hodor;Hodor;Hodor;Hodor;Hodor;;;;;;;;;x
nick_the_harmless_oak;Hodor;Hodor;Hodor;Hodor;Hodor;;;;;;;;;x
nick_the_big_oak;Hodor;Hodor;Hodor;Hodor;Hodor;;;;;;;;;x
nick_the_strong_oak;Hodor;Hodor;Hodor;Hodor;Hodor;;;;;;;;;x
nick_the_charming_oak;Hodor;Hodor;Hodor;Hodor;Hodor;;;;;;;;;x
nick_the_grotesque_oak;Hodor;Hodor;Hodor;Hodor;Hodor;;;;;;;;;x
nick_the_little_oak;Hodor;Hodor;Hodor;Hodor;Hodor;;;;;;;;;x
nick_the_wise_oak;Hodor;Hodor;Hodor;Hodor;Hodor;;;;;;;;;x
nick_the_simple_oak;Hodor;Hodor;Hodor;Hodor;Hodor;;;;;;;;;x
nick_the_learned_oak;Hodor;Hodor;Hodor;Hodor;Hodor;;;;;;;;;x
nick_the_delicate_oak;Hodor;Hodor;Hodor;Hodor;Hodor;;;;;;;;;x
nick_the_suspicious_oak;Hodor;Hodor;Hodor;Hodor;Hodor;;;;;;;;;x
nick_the_headstrong_oak;Hodor;Hodor;Hodor;Hodor;Hodor;;;;;;;;;x
nick_the_oak_knight;Hodor;Hodor;Hodor;Hodor;Hodor;;;;;;;;;x
######Both Fossoways Nicknames;Hodor;Hodor;Hodor;Hodor;Hodor;;;;;;;;;x
nick_the_black_apple;Hodor;Hodor;Hodor;Hodor;Hodor;;;;;;;;;x
nick_the_white_apple;Hodor;Hodor;Hodor;Hodor;Hodor;;;;;;;;;x
nick_the_crazed_apple;Hodor;Hodor;Hodor;Hodor;Hodor;;;;;;;;;x
nick_the_wild_apple;Hodor;Hodor;Hodor;Hodor;Hodor;;;;;;;;;x
nick_the_harmless_apple;Hodor;Hodor;Hodor;Hodor;Hodor;;;;;;;;;x
nick_the_big_apple;Hodor;Hodor;Hodor;Hodor;Hodor;;;;;;;;;x
nick_the_strong_apple;Hodor;Hodor;Hodor;Hodor;Hodor;;;;;;;;;x
nick_the_charming_apple;Hodor;Hodor;Hodor;Hodor;Hodor;;;;;;;;;x
nick_the_grotesque_apple;Hodor;Hodor;Hodor;Hodor;Hodor;;;;;;;;;x
nick_the_little_apple;Hodor;Hodor;Hodor;Hodor;Hodor;;;;;;;;;x
nick_the_wise_apple;Hodor;Hodor;Hodor;Hodor;Hodor;;;;;;;;;x
nick_the_simple_apple;Hodor;Hodor;Hodor;Hodor;Hodor;;;;;;;;;x
nick_the_learned_apple;Hodor;Hodor;Hodor;Hodor;Hodor;;;;;;;;;x
nick_the_delicate_apple;Hodor;Hodor;Hodor;Hodor;Hodor;;;;;;;;;x
nick_the_suspicious_apple;Hodor;Hodor;Hodor;Hodor;Hodor;;;;;;;;;x
nick_the_headstrong_apple;Hodor;Hodor;Hodor;Hodor;Hodor;;;;;;;;;x
nick_the_apple_knight;Hodor;Hodor;Hodor;Hodor;Hodor;;;;;;;;;x
######Crackhall Nicknames;Hodor;Hodor;Hodor;Hodor;Hodor;;;;;;;;;x
nick_the_black_boar;Hodor;Hodor;Hodor;Hodor;Hodor;;;;;;;;;x
nick_the_white_boar;Hodor;Hodor;Hodor;Hodor;Hodor;;;;;;;;;x
nick_the_crazed_boar;Hodor;Hodor;Hodor;Hodor;Hodor;;;;;;;;;x
nick_the_wild_boar;Hodor;Hodor;Hodor;Hodor;Hodor;;;;;;;;;x
nick_the_harmless_boar;Hodor;Hodor;Hodor;Hodor;Hodor;;;;;;;;;x
nick_the_big_boar;Hodor;Hodor;Hodor;Hodor;Hodor;;;;;;;;;x
nick_the_strong_boar;Hodor;Hodor;Hodor;Hodor;Hodor;;;;;;;;;x
nick_the_charming_boar;Hodor;Hodor;Hodor;Hodor;Hodor;;;;;;;;;x
nick_the_grotesque_boar;Hodor;Hodor;Hodor;Hodor;Hodor;;;;;;;;;x
nick_the_little_boar;Hodor;Hodor;Hodor;Hodor;Hodor;;;;;;;;;x
nick_the_wise_boar;Hodor;Hodor;Hodor;Hodor;Hodor;;;;;;;;;x
nick_the_simple_boar;Hodor;Hodor;Hodor;Hodor;Hodor;;;;;;;;;x
nick_the_learned_boar;Hodor;Hodor;Hodor;Hodor;Hodor;;;;;;;;;x
nick_the_delicate_boar;Hodor;Hodor;Hodor;Hodor;Hodor;;;;;;;;;x
nick_the_suspicious_boar;Hodor;Hodor;Hodor;Hodor;Hodor;;;;;;;;;x
nick_the_headstrong_boar;Hodor;Hodor;Hodor;Hodor;Hodor;;;;;;;;;x
nick_the_boar_knight;Hodor;Hodor;Hodor;Hodor;Hodor;;;;;;;;;x
######Clegane Nicknames;Hodor;Hodor;Hodor;Hodor;Hodor;;;;;;;;;x
nick_the_black_hound;Hodor;Hodor;Hodor;Hodor;Hodor;;;;;;;;;x
nick_the_white_hound;Hodor;Hodor;Hodor;Hodor;Hodor;;;;;;;;;x
nick_the_crazed_hound;Hodor;Hodor;Hodor;Hodor;Hodor;;;;;;;;;x
nick_the_wild_hound;Hodor;Hodor;Hodor;Hodor;Hodor;;;;;;;;;x
nick_the_harmless_hound;Hodor;Hodor;Hodor;Hodor;Hodor;;;;;;;;;x
nick_the_big_hound;Hodor;Hodor;Hodor;Hodor;Hodor;;;;;;;;;x
nick_the_strong_hound;Hodor;Hodor;Hodor;Hodor;Hodor;;;;;;;;;x
nick_the_charming_hound;Hodor;Hodor;Hodor;Hodor;Hodor;;;;;;;;;x
nick_the_grotesque_hound;Hodor;Hodor;Hodor;Hodor;Hodor;;;;;;;;;x
nick_the_little_hound;Hodor;Hodor;Hodor;Hodor;Hodor;;;;;;;;;x
nick_the_wise_hound;Hodor;Hodor;Hodor;Hodor;Hodor;;;;;;;;;x
nick_the_simple_hound;Hodor;Hodor;Hodor;Hodor;Hodor;;;;;;;;;x
nick_the_learned_hound;Hodor;Hodor;Hodor;Hodor;Hodor;;;;;;;;;x
nick_the_delicate_hound;Hodor;Hodor;Hodor;Hodor;Hodor;;;;;;;;;x
nick_the_suspicious_hound;Hodor;Hodor;Hodor;Hodor;Hodor;;;;;;;;;x
nick_the_headstrong_hound;Hodor;Hodor;Hodor;Hodor;Hodor;;;;;;;;;x
nick_the_hound_knight;Hodor;Hodor;Hodor;Hodor;Hodor;;;;;;;;;x
######Redwyne Nicknames;Hodor;Hodor;Hodor;Hodor;Hodor;;;;;;;;;x
nick_the_black_thorn;Hodor;Hodor;Hodor;Hodor;Hodor;;;;;;;;;x
nick_the_white_thorn;Hodor;Hodor;Hodor;Hodor;Hodor;;;;;;;;;x
nick_the_crazed_thorn;Hodor;Hodor;Hodor;Hodor;Hodor;;;;;;;;;x
nick_the_wild_thorn;Hodor;Hodor;Hodor;Hodor;Hodor;;;;;;;;;x
nick_the_harmless_thorn;Hodor;Hodor;Hodor;Hodor;Hodor;;;;;;;;;x
nick_the_big_thorn;Hodor;Hodor;Hodor;Hodor;Hodor;;;;;;;;;x
nick_the_strong_thorn;Hodor;Hodor;Hodor;Hodor;Hodor;;;;;;;;;x
nick_the_charming_thorn;Hodor;Hodor;Hodor;Hodor;Hodor;;;;;;;;;x
nick_the_grotesque_thorn;Hodor;Hodor;Hodor;Hodor;Hodor;;;;;;;;;x
nick_the_little_thorn;Hodor;Hodor;Hodor;Hodor;Hodor;;;;;;;;;x
nick_the_wise_thorn;Hodor;Hodor;Hodor;Hodor;Hodor;;;;;;;;;x
nick_the_simple_thorn;Hodor;Hodor;Hodor;Hodor;Hodor;;;;;;;;;x
nick_the_learned_thorn;Hodor;Hodor;Hodor;Hodor;Hodor;;;;;;;;;x
nick_the_delicate_thorn;Hodor;Hodor;Hodor;Hodor;Hodor;;;;;;;;;x
nick_the_suspicious_thorn;Hodor;Hodor;Hodor;Hodor;Hodor;;;;;;;;;x
nick_the_headstrong_thorn;Hodor;Hodor;Hodor;Hodor;Hodor;;;;;;;;;x
nick_the_thornknight;Hodor;Hodor;Hodor;Hodor;Hodor;;;;;;;;;x
######Eastermont Nicknames;Hodor;Hodor;Hodor;Hodor;Hodor;;;;;;;;;x
nick_the_black_turtle;Hodor;Hodor;Hodor;Hodor;Hodor;;;;;;;;;x
nick_the_white_turtle;Hodor;Hodor;Hodor;Hodor;Hodor;;;;;;;;;x
nick_the_crazed_turtle;Hodor;Hodor;Hodor;Hodor;Hodor;;;;;;;;;x
nick_the_wild_turtle;Hodor;Hodor;Hodor;Hodor;Hodor;;;;;;;;;x
nick_the_harmless_turtle;Hodor;Hodor;Hodor;Hodor;Hodor;;;;;;;;;x
nick_the_big_turtle;Hodor;Hodor;Hodor;Hodor;Hodor;;;;;;;;;x
nick_the_strong_turtle;Hodor;Hodor;Hodor;Hodor;Hodor;;;;;;;;;x
nick_the_charming_turtle;Hodor;Hodor;Hodor;Hodor;Hodor;;;;;;;;;x
nick_the_grotesque_turtle;Hodor;Hodor;Hodor;Hodor;Hodor;;;;;;;;;x
nick_the_little_turtle;Hodor;Hodor;Hodor;Hodor;Hodor;;;;;;;;;x
nick_the_wise_turtle;Hodor;Hodor;Hodor;Hodor;Hodor;;;;;;;;;x
nick_the_simple_turtle;Hodor;Hodor;Hodor;Hodor;Hodor;;;;;;;;;x
nick_the_learned_turtle;Hodor;Hodor;Hodor;Hodor;Hodor;;;;;;;;;x
nick_the_delicate_turtle;Hodor;Hodor;Hodor;Hodor;Hodor;;;;;;;;;x
nick_the_suspicious_turtle;Hodor;Hodor;Hodor;Hodor;Hodor;;;;;;;;;x
nick_the_headstrong_turtle;Hodor;Hodor;Hodor;Hodor;Hodor;;;;;;;;;x
nick_the_turtle_knight;Hodor;Hodor;Hodor;Hodor;Hodor;;;;;;;;;x
######Swann Nicknames;Hodor;Hodor;Hodor;Hodor;Hodor;;;;;;;;;x
nick_the_black_swan;Hodor;Hodor;Hodor;Hodor;Hodor;;;;;;;;;x
nick_the_white_swan;Hodor;Hodor;Hodor;Hodor;Hodor;;;;;;;;;x
nick_the_crazed_swan;Hodor;Hodor;Hodor;Hodor;Hodor;;;;;;;;;x
nick_the_wild_swan;Hodor;Hodor;Hodor;Hodor;Hodor;;;;;;;;;x
nick_the_harmless_swan;Hodor;Hodor;Hodor;Hodor;Hodor;;;;;;;;;x
nick_the_big_swan;Hodor;Hodor;Hodor;Hodor;Hodor;;;;;;;;;x
nick_the_strong_swan;Hodor;Hodor;Hodor;Hodor;Hodor;;;;;;;;;x
nick_the_charming_swan;Hodor;Hodor;Hodor;Hodor;Hodor;;;;;;;;;x
nick_the_grotesque_swan;Hodor;Hodor;Hodor;Hodor;Hodor;;;;;;;;;x
nick_the_little_swan;Hodor;Hodor;Hodor;Hodor;Hodor;;;;;;;;;x
nick_the_wise_swan;Hodor;Hodor;Hodor;Hodor;Hodor;;;;;;;;;x
nick_the_simple_swan;Hodor;Hodor;Hodor;Hodor;Hodor;;;;;;;;;x
nick_the_learned_swan;Hodor;Hodor;Hodor;Hodor;Hodor;;;;;;;;;x
nick_the_delicate_swan;Hodor;Hodor;Hodor;Hodor;Hodor;;;;;;;;;x
nick_the_suspicious_swan;Hodor;Hodor;Hodor;Hodor;Hodor;;;;;;;;;x
nick_the_headstrong_swan;Hodor;Hodor;Hodor;Hodor;Hodor;;;;;;;;;x
nick_the_swan_knight;Hodor;Hodor;Hodor;Hodor;Hodor;;;;;;;;;x
######Cerwyn Nicknames;Hodor;Hodor;Hodor;Hodor;Hodor;;;;;;;;;x
nick_the_black_axe;Hodor;Hodor;Hodor;Hodor;Hodor;;;;;;;;;x
nick_the_white_axe;Hodor;Hodor;Hodor;Hodor;Hodor;;;;;;;;;x
nick_the_crazed_axe;Hodor;Hodor;Hodor;Hodor;Hodor;;;;;;;;;x
nick_the_wild_axe;Hodor;Hodor;Hodor;Hodor;Hodor;;;;;;;;;x
nick_the_harmless_axe;Hodor;Hodor;Hodor;Hodor;Hodor;;;;;;;;;x
nick_the_big_axe;Hodor;Hodor;Hodor;Hodor;Hodor;;;;;;;;;x
nick_the_strong_axe;Hodor;Hodor;Hodor;Hodor;Hodor;;;;;;;;;x
nick_the_charming_axe;Hodor;Hodor;Hodor;Hodor;Hodor;;;;;;;;;x
nick_the_grotesque_axe;Hodor;Hodor;Hodor;Hodor;Hodor;;;;;;;;;x
nick_the_little_axe;Hodor;Hodor;Hodor;Hodor;Hodor;;;;;;;;;x
nick_the_wise_axe;Hodor;Hodor;Hodor;Hodor;Hodor;;;;;;;;;x
nick_the_simple_axe;Hodor;Hodor;Hodor;Hodor;Hodor;;;;;;;;;x
nick_the_learned_axe;Hodor;Hodor;Hodor;Hodor;Hodor;;;;;;;;;x
nick_the_delicate_axe;Hodor;Hodor;Hodor;Hodor;Hodor;;;;;;;;;x
nick_the_suspicious_axe;Hodor;Hodor;Hodor;Hodor;Hodor;;;;;;;;;x
nick_the_headstrong_axe;Hodor;Hodor;Hodor;Hodor;Hodor;;;;;;;;;x
nick_the_laughing_axe;Hodor;Hodor;Hodor;Hodor;Hodor;;;;;;;;;x
nick_the_axe_knight;Hodor;Hodor;Hodor;Hodor;Hodor;;;;;;;;;x
######Goodbrother Nicknames;Hodor;Hodor;Hodor;Hodor;Hodor;;;;;;;;;x
nick_the_black_warhorn;Hodor;Hodor;Hodor;Hodor;Hodor;;;;;;;;;x
nick_the_white_warhorn;Hodor;Hodor;Hodor;Hodor;Hodor;;;;;;;;;x
nick_the_crazed_warhorn;Hodor;Hodor;Hodor;Hodor;Hodor;;;;;;;;;x
nick_the_wild_warhorn;Hodor;Hodor;Hodor;Hodor;Hodor;;;;;;;;;x
nick_the_harmless_warhorn;Hodor;Hodor;Hodor;Hodor;Hodor;;;;;;;;;x
nick_the_big_warhorn;Hodor;Hodor;Hodor;Hodor;Hodor;;;;;;;;;x
nick_the_strong_warhorn;Hodor;Hodor;Hodor;Hodor;Hodor;;;;;;;;;x
nick_the_charming_warhorn;Hodor;Hodor;Hodor;Hodor;Hodor;;;;;;;;;x
nick_the_grotesque_warhorn;Hodor;Hodor;Hodor;Hodor;Hodor;;;;;;;;;x
nick_the_little_warhorn;Hodor;Hodor;Hodor;Hodor;Hodor;;;;;;;;;x
nick_the_wise_warhorn;Hodor;Hodor;Hodor;Hodor;Hodor;;;;;;;;;x
nick_the_simple_warhorn;Hodor;Hodor;Hodor;Hodor;Hodor;;;;;;;;;x
nick_the_learned_warhorn;Hodor;Hodor;Hodor;Hodor;Hodor;;;;;;;;;x
nick_the_delicate_warhorn;Hodor;Hodor;Hodor;Hodor;Hodor;;;;;;;;;x
nick_the_suspicious_warhorn;Hodor;Hodor;Hodor;Hodor;Hodor;;;;;;;;;x
nick_the_headstrong_warhorn;Hodor;Hodor;Hodor;Hodor;Hodor;;;;;;;;;x
nick_the_laughing_warhorn;Hodor;Hodor;Hodor;Hodor;Hodor;;;;;;;;;x
######Harlaw Nicknames;Hodor;Hodor;Hodor;Hodor;Hodor;;;;;;;;;x
nick_the_black_scythe;Hodor;Hodor;Hodor;Hodor;Hodor;;;;;;;;;x
nick_the_white_scythe;Hodor;Hodor;Hodor;Hodor;Hodor;;;;;;;;;x
nick_the_crazed_scythe;Hodor;Hodor;Hodor;Hodor;Hodor;;;;;;;;;x
nick_the_wild_scythe;Hodor;Hodor;Hodor;Hodor;Hodor;;;;;;;;;x
nick_the_harmless_scythe;Hodor;Hodor;Hodor;Hodor;Hodor;;;;;;;;;x
nick_the_big_scythe;Hodor;Hodor;Hodor;Hodor;Hodor;;;;;;;;;x
nick_the_strong_scythe;Hodor;Hodor;Hodor;Hodor;Hodor;;;;;;;;;x
nick_the_charming_scythe;Hodor;Hodor;Hodor;Hodor;Hodor;;;;;;;;;x
nick_the_grotesque_scythe;Hodor;Hodor;Hodor;Hodor;Hodor;;;;;;;;;x
nick_the_little_scythe;Hodor;Hodor;Hodor;Hodor;Hodor;;;;;;;;;x
nick_the_wise_scythe;Hodor;Hodor;Hodor;Hodor;Hodor;;;;;;;;;x
nick_the_simple_scythe;Hodor;Hodor;Hodor;Hodor;Hodor;;;;;;;;;x
nick_the_learned_scythe;Hodor;Hodor;Hodor;Hodor;Hodor;;;;;;;;;x
nick_the_delicate_scythe;Hodor;Hodor;Hodor;Hodor;Hodor;;;;;;;;;x
nick_the_suspicious_scythe;Hodor;Hodor;Hodor;Hodor;Hodor;;;;;;;;;x
nick_the_headstrong_scythe;Hodor;Hodor;Hodor;Hodor;Hodor;;;;;;;;;x
nick_the_laughing_scythe;Hodor;Hodor;Hodor;Hodor;Hodor;;;;;;;;;x
######Saltcliffe Nicknames;Hodor;Hodor;Hodor;Hodor;Hodor;;;;;;;;;x
nick_the_black_snake;Hodor;Hodor;Hodor;Hodor;Hodor;;;;;;;;;x
nick_the_white_snake;Hodor;Hodor;Hodor;Hodor;Hodor;;;;;;;;;x
nick_the_crazed_snake;Hodor;Hodor;Hodor;Hodor;Hodor;;;;;;;;;x
nick_the_wild_snake;Hodor;Hodor;Hodor;Hodor;Hodor;;;;;;;;;x
nick_the_harmless_snake;Hodor;Hodor;Hodor;Hodor;Hodor;;;;;;;;;x
nick_the_big_snake;Hodor;Hodor;Hodor;Hodor;Hodor;;;;;;;;;x
nick_the_strong_snake;Hodor;Hodor;Hodor;Hodor;Hodor;;;;;;;;;x
nick_the_charming_snake;Hodor;Hodor;Hodor;Hodor;Hodor;;;;;;;;;x
nick_the_grotesque_snake;Hodor;Hodor;Hodor;Hodor;Hodor;;;;;;;;;x
nick_the_little_snake;Hodor;Hodor;Hodor;Hodor;Hodor;;;;;;;;;x
nick_the_wise_snake;Hodor;Hodor;Hodor;Hodor;Hodor;;;;;;;;;x
nick_the_simple_snake;Hodor;Hodor;Hodor;Hodor;Hodor;;;;;;;;;x
nick_the_learned_snake;Hodor;Hodor;Hodor;Hodor;Hodor;;;;;;;;;x
nick_the_delicate_snake;Hodor;Hodor;Hodor;Hodor;Hodor;;;;;;;;;x
nick_the_suspicious_snake;Hodor;Hodor;Hodor;Hodor;Hodor;;;;;;;;;x
nick_the_headstrong_snake;Hodor;Hodor;Hodor;Hodor;Hodor;;;;;;;;;x
nick_the_laughing_snake;Hodor;Hodor;Hodor;Hodor;Hodor;;;;;;;;;x
nick_the_snake_knight;Hodor;Hodor;Hodor;Hodor;Hodor;;;;;;;;;x
######Mooton Nicknames;Hodor;Hodor;Hodor;Hodor;Hodor;;;;;;;;;x
nick_the_black_salmon;Hodor;Hodor;Hodor;Hodor;Hodor;;;;;;;;;x
nick_the_white_salmon;Hodor;Hodor;Hodor;Hodor;Hodor;;;;;;;;;x
nick_the_crazed_salmon;Hodor;Hodor;Hodor;Hodor;Hodor;;;;;;;;;x
nick_the_wild_salmon;Hodor;Hodor;Hodor;Hodor;Hodor;;;;;;;;;x
nick_the_harmless_salmon;Hodor;Hodor;Hodor;Hodor;Hodor;;;;;;;;;x
nick_the_big_salmon;Hodor;Hodor;Hodor;Hodor;Hodor;;;;;;;;;x
nick_the_strong_salmon;Hodor;Hodor;Hodor;Hodor;Hodor;;;;;;;;;x
nick_the_charming_salmon;Hodor;Hodor;Hodor;Hodor;Hodor;;;;;;;;;x
nick_the_grotesque_salmon;Hodor;Hodor;Hodor;Hodor;Hodor;;;;;;;;;x
nick_the_little_salmon;Hodor;Hodor;Hodor;Hodor;Hodor;;;;;;;;;x
nick_the_wise_salmon;Hodor;Hodor;Hodor;Hodor;Hodor;;;;;;;;;x
nick_the_simple_salmon;Hodor;Hodor;Hodor;Hodor;Hodor;;;;;;;;;x
nick_the_learned_salmon;Hodor;Hodor;Hodor;Hodor;Hodor;;;;;;;;;x
nick_the_delicate_salmon;Hodor;Hodor;Hodor;Hodor;Hodor;;;;;;;;;x
nick_the_suspicious_salmon;Hodor;Hodor;Hodor;Hodor;Hodor;;;;;;;;;x
nick_the_headstrong_salmon;Hodor;Hodor;Hodor;Hodor;Hodor;;;;;;;;;x
nick_the_laughing_salmon;Hodor;Hodor;Hodor;Hodor;Hodor;;;;;;;;;x
nick_the_salmon_knight;Hodor;Hodor;Hodor;Hodor;Hodor;;;;;;;;;x
######Vypren Nicknames;Hodor;Hodor;Hodor;Hodor;Hodor;;;;;;;;;x
nick_the_black_frog;Hodor;Hodor;Hodor;Hodor;Hodor;;;;;;;;;x
nick_the_white_frog;Hodor;Hodor;Hodor;Hodor;Hodor;;;;;;;;;x
nick_the_crazed_frog;Hodor;Hodor;Hodor;Hodor;Hodor;;;;;;;;;x
nick_the_wild_frog;Hodor;Hodor;Hodor;Hodor;Hodor;;;;;;;;;x
nick_the_harmless_frog;Hodor;Hodor;Hodor;Hodor;Hodor;;;;;;;;;x
nick_the_big_frog;Hodor;Hodor;Hodor;Hodor;Hodor;;;;;;;;;x
nick_the_strong_frog;Hodor;Hodor;Hodor;Hodor;Hodor;;;;;;;;;x
nick_the_charming_frog;Hodor;Hodor;Hodor;Hodor;Hodor;;;;;;;;;x
nick_the_grotesque_frog;Hodor;Hodor;Hodor;Hodor;Hodor;;;;;;;;;x
nick_the_little_frog;Hodor;Hodor;Hodor;Hodor;Hodor;;;;;;;;;x
nick_the_wise_frog;Hodor;Hodor;Hodor;Hodor;Hodor;;;;;;;;;x
nick_the_simple_frog;Hodor;Hodor;Hodor;Hodor;Hodor;;;;;;;;;x
nick_the_learned_frog;Hodor;Hodor;Hodor;Hodor;Hodor;;;;;;;;;x
nick_the_delicate_frog;Hodor;Hodor;Hodor;Hodor;Hodor;;;;;;;;;x
nick_the_suspicious_frog;Hodor;Hodor;Hodor;Hodor;Hodor;;;;;;;;;x
nick_the_headstrong_frog;Hodor;Hodor;Hodor;Hodor;Hodor;;;;;;;;;x
nick_the_laughing_frog;Hodor;Hodor;Hodor;Hodor;Hodor;;;;;;;;;x
nick_the_frog_knight;Hodor;Hodor;Hodor;Hodor;Hodor;;;;;;;;;x
######Whent Nicknames;Hodor;Hodor;Hodor;Hodor;Hodor;;;;;;;;;x
nick_the_black_bat;Hodor;Hodor;Hodor;Hodor;Hodor;;;;;;;;;x
nick_the_white_bat;Hodor;Hodor;Hodor;Hodor;Hodor;;;;;;;;;x
nick_the_crazed_bat;Hodor;Hodor;Hodor;Hodor;Hodor;;;;;;;;;x
nick_the_wild_bat;Hodor;Hodor;Hodor;Hodor;Hodor;;;;;;;;;x
nick_the_harmless_bat;Hodor;Hodor;Hodor;Hodor;Hodor;;;;;;;;;x
nick_the_big_bat;Hodor;Hodor;Hodor;Hodor;Hodor;;;;;;;;;x
nick_the_strong_bat;Hodor;Hodor;Hodor;Hodor;Hodor;;;;;;;;;x
nick_the_charming_bat;Hodor;Hodor;Hodor;Hodor;Hodor;;;;;;;;;x
nick_the_grotesque_bat;Hodor;Hodor;Hodor;Hodor;Hodor;;;;;;;;;x
nick_the_little_bat;Hodor;Hodor;Hodor;Hodor;Hodor;;;;;;;;;x
nick_the_wise_bat;Hodor;Hodor;Hodor;Hodor;Hodor;;;;;;;;;x
nick_the_simple_bat;Hodor;Hodor;Hodor;Hodor;Hodor;;;;;;;;;x
nick_the_learned_bat;Hodor;Hodor;Hodor;Hodor;Hodor;;;;;;;;;x
nick_the_delicate_bat;Hodor;Hodor;Hodor;Hodor;Hodor;;;;;;;;;x
nick_the_suspicious_bat;Hodor;Hodor;Hodor;Hodor;Hodor;;;;;;;;;x
nick_the_headstrong_bat;Hodor;Hodor;Hodor;Hodor;Hodor;;;;;;;;;x
nick_the_laughing_bat;Hodor;Hodor;Hodor;Hodor;Hodor;;;;;;;;;x
nick_the_bat_knight;Hodor;Hodor;Hodor;Hodor;Hodor;;;;;;;;;x
######Belmore Nicknames;Hodor;Hodor;Hodor;Hodor;Hodor;;;;;;;;;x
nick_the_black_bell;Hodor;Hodor;Hodor;Hodor;Hodor;;;;;;;;;x
nick_the_white_bell;Hodor;Hodor;Hodor;Hodor;Hodor;;;;;;;;;x
nick_the_crazed_bell;Hodor;Hodor;Hodor;Hodor;Hodor;;;;;;;;;x
nick_the_wild_bell;Hodor;Hodor;Hodor;Hodor;Hodor;;;;;;;;;x
nick_the_harmless_bell;Hodor;Hodor;Hodor;Hodor;Hodor;;;;;;;;;x
nick_the_big_bell;Hodor;Hodor;Hodor;Hodor;Hodor;;;;;;;;;x
nick_the_strong_bell;Hodor;Hodor;Hodor;Hodor;Hodor;;;;;;;;;x
nick_the_charming_bell;Hodor;Hodor;Hodor;Hodor;Hodor;;;;;;;;;x
nick_the_grotesque_bell;Hodor;Hodor;Hodor;Hodor;Hodor;;;;;;;;;x
nick_the_little_bell;Hodor;Hodor;Hodor;Hodor;Hodor;;;;;;;;;x
nick_the_wise_bell;Hodor;Hodor;Hodor;Hodor;Hodor;;;;;;;;;x
nick_the_simple_bell;Hodor;Hodor;Hodor;Hodor;Hodor;;;;;;;;;x
nick_the_learned_bell;Hodor;Hodor;Hodor;Hodor;Hodor;;;;;;;;;x
nick_the_delicate_bell;Hodor;Hodor;Hodor;Hodor;Hodor;;;;;;;;;x
nick_the_suspicious_bell;Hodor;Hodor;Hodor;Hodor;Hodor;;;;;;;;;x
nick_the_headstrong_bell;Hodor;Hodor;Hodor;Hodor;Hodor;;;;;;;;;x
nick_the_laughing_bell;Hodor;Hodor;Hodor;Hodor;Hodor;;;;;;;;;x
nick_the_bell_knight;Hodor;Hodor;Hodor;Hodor;Hodor;;;;;;;;;x
######Hunt Nicknames;Hodor;Hodor;Hodor;Hodor;Hodor;;;;;;;;;x
nick_the_black_arrow;Hodor;Hodor;Hodor;Hodor;Hodor;;;;;;;;;x
nick_the_white_arrow;Hodor;Hodor;Hodor;Hodor;Hodor;;;;;;;;;x
nick_the_crazed_arrow;Hodor;Hodor;Hodor;Hodor;Hodor;;;;;;;;;x
nick_the_wild_arrow;Hodor;Hodor;Hodor;Hodor;Hodor;;;;;;;;;x
nick_the_harmless_arrow;Hodor;Hodor;Hodor;Hodor;Hodor;;;;;;;;;x
nick_the_big_arrow;Hodor;Hodor;Hodor;Hodor;Hodor;;;;;;;;;x
nick_the_strong_arrow;Hodor;Hodor;Hodor;Hodor;Hodor;;;;;;;;;x
nick_the_charming_arrow;Hodor;Hodor;Hodor;Hodor;Hodor;;;;;;;;;x
nick_the_grotesque_arrow;Hodor;Hodor;Hodor;Hodor;Hodor;;;;;;;;;x
nick_the_little_arrow;Hodor;Hodor;Hodor;Hodor;Hodor;;;;;;;;;x
nick_the_wise_arrow;Hodor;Hodor;Hodor;Hodor;Hodor;;;;;;;;;x
nick_the_simple_arrow;Hodor;Hodor;Hodor;Hodor;Hodor;;;;;;;;;x
nick_the_learned_arrow;Hodor;Hodor;Hodor;Hodor;Hodor;;;;;;;;;x
nick_the_delicate_arrow;Hodor;Hodor;Hodor;Hodor;Hodor;;;;;;;;;x
nick_the_suspicious_arrow;Hodor;Hodor;Hodor;Hodor;Hodor;;;;;;;;;x
nick_the_headstrong_arrow;Hodor;Hodor;Hodor;Hodor;Hodor;;;;;;;;;x
nick_the_laughing_arrow;Hodor;Hodor;Hodor;Hodor;Hodor;;;;;;;;;x
nick_the_arrow_knight;Hodor;Hodor;Hodor;Hodor;Hodor;;;;;;;;;x
######Bar Emmon Nicknames;Hodor;Hodor;Hodor;Hodor;Hodor;;;;;;;;;x
nick_the_black_swordfish;Hodor;Hodor;Hodor;Hodor;Hodor;;;;;;;;;x
nick_the_white_swordfish;Hodor;Hodor;Hodor;Hodor;Hodor;;;;;;;;;x
nick_the_crazed_swordfish;Hodor;Hodor;Hodor;Hodor;Hodor;;;;;;;;;x
nick_the_wild_swordfish;Hodor;Hodor;Hodor;Hodor;Hodor;;;;;;;;;x
nick_the_harmless_swordfish;Hodor;Hodor;Hodor;Hodor;Hodor;;;;;;;;;x
nick_the_big_swordfish;Hodor;Hodor;Hodor;Hodor;Hodor;;;;;;;;;x
nick_the_strong_swordfish;Hodor;Hodor;Hodor;Hodor;Hodor;;;;;;;;;x
nick_the_charming_swordfish;Hodor;Hodor;Hodor;Hodor;Hodor;;;;;;;;;x
nick_the_grotesque_swordfish;Hodor;Hodor;Hodor;Hodor;Hodor;;;;;;;;;x
nick_the_little_swordfish;Hodor;Hodor;Hodor;Hodor;Hodor;;;;;;;;;x
nick_the_wise_swordfish;Hodor;Hodor;Hodor;Hodor;Hodor;;;;;;;;;x
nick_the_simple_swordfish;Hodor;Hodor;Hodor;Hodor;Hodor;;;;;;;;;x
nick_the_learned_swordfish;Hodor;Hodor;Hodor;Hodor;Hodor;;;;;;;;;x
nick_the_delicate_swordfish;Hodor;Hodor;Hodor;Hodor;Hodor;;;;;;;;;x
nick_the_suspicious_swordfish;Hodor;Hodor;Hodor;Hodor;Hodor;;;;;;;;;x
nick_the_headstrong_swordfish;Hodor;Hodor;Hodor;Hodor;Hodor;;;;;;;;;x
nick_the_laughing_swordfish;Hodor;Hodor;Hodor;Hodor;Hodor;;;;;;;;;x
nick_the_swordfish_knight;Hodor;Hodor;Hodor;Hodor;Hodor;;;;;;;;;x
######Stokeworth Nicknames;Hodor;Hodor;Hodor;Hodor;Hodor;;;;;;;;;x
nick_the_black_seahorse;Hodor;Hodor;Hodor;Hodor;Hodor;;;;;;;;;x
nick_the_white_seahorse;Hodor;Hodor;Hodor;Hodor;Hodor;;;;;;;;;x
nick_the_crazed_seahorse;Hodor;Hodor;Hodor;Hodor;Hodor;;;;;;;;;x
nick_the_wild_seahorse;Hodor;Hodor;Hodor;Hodor;Hodor;;;;;;;;;x
nick_the_harmless_seahorse;Hodor;Hodor;Hodor;Hodor;Hodor;;;;;;;;;x
nick_the_big_seahorse;Hodor;Hodor;Hodor;Hodor;Hodor;;;;;;;;;x
nick_the_strong_seahorse;Hodor;Hodor;Hodor;Hodor;Hodor;;;;;;;;;x
nick_the_charming_seahorse;Hodor;Hodor;Hodor;Hodor;Hodor;;;;;;;;;x
nick_the_grotesque_seahorse;Hodor;Hodor;Hodor;Hodor;Hodor;;;;;;;;;x
nick_the_little_seahorse;Hodor;Hodor;Hodor;Hodor;Hodor;;;;;;;;;x
nick_the_wise_seahorse;Hodor;Hodor;Hodor;Hodor;Hodor;;;;;;;;;x
nick_the_simple_seahorse;Hodor;Hodor;Hodor;Hodor;Hodor;;;;;;;;;x
nick_the_learned_seahorse;Hodor;Hodor;Hodor;Hodor;Hodor;;;;;;;;;x
nick_the_delicate_seahorse;Hodor;Hodor;Hodor;Hodor;Hodor;;;;;;;;;x
nick_the_suspicious_seahorse;Hodor;Hodor;Hodor;Hodor;Hodor;;;;;;;;;x
nick_the_headstrong_seahorse;Hodor;Hodor;Hodor;Hodor;Hodor;;;;;;;;;x
nick_the_laughing_seahorse;Hodor;Hodor;Hodor;Hodor;Hodor;;;;;;;;;x
nick_the_seahorse_knight;Hodor;Hodor;Hodor;Hodor;Hodor;;;;;;;;;x
######Brax Nicknames;Hodor;Hodor;Hodor;Hodor;Hodor;;;;;;;;;x
nick_the_black_unicorn;Hodor;Hodor;Hodor;Hodor;Hodor;;;;;;;;;x
nick_the_white_unicorn;Hodor;Hodor;Hodor;Hodor;Hodor;;;;;;;;;x
nick_the_crazed_unicorn;Hodor;Hodor;Hodor;Hodor;Hodor;;;;;;;;;x
nick_the_wild_unicorn;Hodor;Hodor;Hodor;Hodor;Hodor;;;;;;;;;x
nick_the_harmless_unicorn;Hodor;Hodor;Hodor;Hodor;Hodor;;;;;;;;;x
nick_the_big_unicorn;Hodor;Hodor;Hodor;Hodor;Hodor;;;;;;;;;x
nick_the_strong_unicorn;Hodor;Hodor;Hodor;Hodor;Hodor;;;;;;;;;x
nick_the_charming_unicorn;Hodor;Hodor;Hodor;Hodor;Hodor;;;;;;;;;x
nick_the_grotesque_unicorn;Hodor;Hodor;Hodor;Hodor;Hodor;;;;;;;;;x
nick_the_little_unicorn;Hodor;Hodor;Hodor;Hodor;Hodor;;;;;;;;;x
nick_the_wise_unicorn;Hodor;Hodor;Hodor;Hodor;Hodor;;;;;;;;;x
nick_the_simple_unicorn;Hodor;Hodor;Hodor;Hodor;Hodor;;;;;;;;;x
nick_the_learned_unicorn;Hodor;Hodor;Hodor;Hodor;Hodor;;;;;;;;;x
nick_the_delicate_unicorn;Hodor;Hodor;Hodor;Hodor;Hodor;;;;;;;;;x
nick_the_suspicious_unicorn;Hodor;Hodor;Hodor;Hodor;Hodor;;;;;;;;;x
nick_the_headstrong_unicorn;Hodor;Hodor;Hodor;Hodor;Hodor;;;;;;;;;x
nick_the_laughing_unicorn;Hodor;Hodor;Hodor;Hodor;Hodor;;;;;;;;;x
nick_the_unicorn_knight;Hodor;Hodor;Hodor;Hodor;Hodor;;;;;;;;;x
######Lydden Nicknames;Hodor;Hodor;Hodor;Hodor;Hodor;;;;;;;;;x
nick_the_black_badger;Hodor;Hodor;Hodor;Hodor;Hodor;;;;;;;;;x
nick_the_white_badger;Hodor;Hodor;Hodor;Hodor;Hodor;;;;;;;;;x
nick_the_crazed_badger;Hodor;Hodor;Hodor;Hodor;Hodor;;;;;;;;;x
nick_the_wild_badger;Hodor;Hodor;Hodor;Hodor;Hodor;;;;;;;;;x
nick_the_harmless_badger;Hodor;Hodor;Hodor;Hodor;Hodor;;;;;;;;;x
nick_the_big_badger;Hodor;Hodor;Hodor;Hodor;Hodor;;;;;;;;;x
nick_the_strong_badger;Hodor;Hodor;Hodor;Hodor;Hodor;;;;;;;;;x
nick_the_charming_badger;Hodor;Hodor;Hodor;Hodor;Hodor;;;;;;;;;x
nick_the_grotesque_badger;Hodor;Hodor;Hodor;Hodor;Hodor;;;;;;;;;x
nick_the_little_badger;Hodor;Hodor;Hodor;Hodor;Hodor;;;;;;;;;x
nick_the_wise_badger;Hodor;Hodor;Hodor;Hodor;Hodor;;;;;;;;;x
nick_the_simple_badger;Hodor;Hodor;Hodor;Hodor;Hodor;;;;;;;;;x
nick_the_learned_badger;Hodor;Hodor;Hodor;Hodor;Hodor;;;;;;;;;x
nick_the_delicate_badger;Hodor;Hodor;Hodor;Hodor;Hodor;;;;;;;;;x
nick_the_suspicious_badger;Hodor;Hodor;Hodor;Hodor;Hodor;;;;;;;;;x
nick_the_headstrong_badger;Hodor;Hodor;Hodor;Hodor;Hodor;;;;;;;;;x
nick_the_laughing_badger;Hodor;Hodor;Hodor;Hodor;Hodor;;;;;;;;;x
nick_the_badger_knight;Hodor;Hodor;Hodor;Hodor;Hodor;;;;;;;;;x
######Westerling Nicknames;Hodor;Hodor;Hodor;Hodor;Hodor;;;;;;;;;x
nick_the_black_shell;Hodor;Hodor;Hodor;Hodor;Hodor;;;;;;;;;x
nick_the_white_shell;Hodor;Hodor;Hodor;Hodor;Hodor;;;;;;;;;x
nick_the_crazed_shell;Hodor;Hodor;Hodor;Hodor;Hodor;;;;;;;;;x
nick_the_wild_shell;Hodor;Hodor;Hodor;Hodor;Hodor;;;;;;;;;x
nick_the_harmless_shell;Hodor;Hodor;Hodor;Hodor;Hodor;;;;;;;;;x
nick_the_big_shell;Hodor;Hodor;Hodor;Hodor;Hodor;;;;;;;;;x
nick_the_strong_shell;Hodor;Hodor;Hodor;Hodor;Hodor;;;;;;;;;x
nick_the_charming_shell;Hodor;Hodor;Hodor;Hodor;Hodor;;;;;;;;;x
nick_the_grotesque_shell;Hodor;Hodor;Hodor;Hodor;Hodor;;;;;;;;;x
nick_the_little_shell;Hodor;Hodor;Hodor;Hodor;Hodor;;;;;;;;;x
nick_the_wise_shell;Hodor;Hodor;Hodor;Hodor;Hodor;;;;;;;;;x
nick_the_simple_shell;Hodor;Hodor;Hodor;Hodor;Hodor;;;;;;;;;x
nick_the_learned_shell;Hodor;Hodor;Hodor;Hodor;Hodor;;;;;;;;;x
nick_the_delicate_shell;Hodor;Hodor;Hodor;Hodor;Hodor;;;;;;;;;x
nick_the_suspicious_shell;Hodor;Hodor;Hodor;Hodor;Hodor;;;;;;;;;x
nick_the_headstrong_shell;Hodor;Hodor;Hodor;Hodor;Hodor;;;;;;;;;x
nick_the_laughing_shell;Hodor;Hodor;Hodor;Hodor;Hodor;;;;;;;;;x
nick_the_shell_knight;Hodor;Hodor;Hodor;Hodor;Hodor;;;;;;;;;x
######Prester Nicknames;Hodor;Hodor;Hodor;Hodor;Hodor;;;;;;;;;x
nick_the_black_ox;Hodor;Hodor;Hodor;Hodor;Hodor;;;;;;;;;x
nick_the_white_ox;Hodor;Hodor;Hodor;Hodor;Hodor;;;;;;;;;x
nick_the_crazed_ox;Hodor;Hodor;Hodor;Hodor;Hodor;;;;;;;;;x
nick_the_wild_ox;Hodor;Hodor;Hodor;Hodor;Hodor;;;;;;;;;x
nick_the_harmless_ox;Hodor;Hodor;Hodor;Hodor;Hodor;;;;;;;;;x
nick_the_big_ox;Hodor;Hodor;Hodor;Hodor;Hodor;;;;;;;;;x
nick_the_strong_ox;Hodor;Hodor;Hodor;Hodor;Hodor;;;;;;;;;x
nick_the_charming_ox;Hodor;Hodor;Hodor;Hodor;Hodor;;;;;;;;;x
nick_the_grotesque_ox;Hodor;Hodor;Hodor;Hodor;Hodor;;;;;;;;;x
nick_the_little_ox;Hodor;Hodor;Hodor;Hodor;Hodor;;;;;;;;;x
nick_the_wise_ox;Hodor;Hodor;Hodor;Hodor;Hodor;;;;;;;;;x
nick_the_simple_ox;Hodor;Hodor;Hodor;Hodor;Hodor;;;;;;;;;x
nick_the_learned_ox;Hodor;Hodor;Hodor;Hodor;Hodor;;;;;;;;;x
nick_the_delicate_ox;Hodor;Hodor;Hodor;Hodor;Hodor;;;;;;;;;x
nick_the_suspicious_ox;Hodor;Hodor;Hodor;Hodor;Hodor;;;;;;;;;x
nick_the_headstrong_ox;Hodor;Hodor;Hodor;Hodor;Hodor;;;;;;;;;x
nick_the_laughing_ox;Hodor;Hodor;Hodor;Hodor;Hodor;;;;;;;;;x
nick_the_ox_knight;Hodor;Hodor;Hodor;Hodor;Hodor;;;;;;;;;x
######Serret Nicknames;Hodor;Hodor;Hodor;Hodor;Hodor;;;;;;;;;x
nick_the_black_peacock;Hodor;Hodor;Hodor;Hodor;Hodor;;;;;;;;;x
nick_the_white_peacock;Hodor;Hodor;Hodor;Hodor;Hodor;;;;;;;;;x
nick_the_crazed_peacock;Hodor;Hodor;Hodor;Hodor;Hodor;;;;;;;;;x
nick_the_wild_peacock;Hodor;Hodor;Hodor;Hodor;Hodor;;;;;;;;;x
nick_the_harmless_peacock;Hodor;Hodor;Hodor;Hodor;Hodor;;;;;;;;;x
nick_the_big_peacock;Hodor;Hodor;Hodor;Hodor;Hodor;;;;;;;;;x
nick_the_strong_peacock;Hodor;Hodor;Hodor;Hodor;Hodor;;;;;;;;;x
nick_the_charming_peacock;Hodor;Hodor;Hodor;Hodor;Hodor;;;;;;;;;x
nick_the_grotesque_peacock;Hodor;Hodor;Hodor;Hodor;Hodor;;;;;;;;;x
nick_the_little_peacock;Hodor;Hodor;Hodor;Hodor;Hodor;;;;;;;;;x
nick_the_wise_peacock;Hodor;Hodor;Hodor;Hodor;Hodor;;;;;;;;;x
nick_the_simple_peacock;Hodor;Hodor;Hodor;Hodor;Hodor;;;;;;;;;x
nick_the_learned_peacock;Hodor;Hodor;Hodor;Hodor;Hodor;;;;;;;;;x
nick_the_delicate_peacock;Hodor;Hodor;Hodor;Hodor;Hodor;;;;;;;;;x
nick_the_suspicious_peacock;Hodor;Hodor;Hodor;Hodor;Hodor;;;;;;;;;x
nick_the_headstrong_peacock;Hodor;Hodor;Hodor;Hodor;Hodor;;;;;;;;;x
nick_the_laughing_peacock;Hodor;Hodor;Hodor;Hodor;Hodor;;;;;;;;;x
nick_the_peacock_knight;Hodor;Hodor;Hodor;Hodor;Hodor;;;;;;;;;x
######Cafferen Nicknames;Hodor;Hodor;Hodor;Hodor;Hodor;;;;;;;;;x
nick_the_black_fawn;Hodor;Hodor;Hodor;Hodor;Hodor;;;;;;;;;x
nick_the_white_fawn;Hodor;Hodor;Hodor;Hodor;Hodor;;;;;;;;;x
nick_the_crazed_fawn;Hodor;Hodor;Hodor;Hodor;Hodor;;;;;;;;;x
nick_the_wild_fawn;Hodor;Hodor;Hodor;Hodor;Hodor;;;;;;;;;x
nick_the_harmless_fawn;Hodor;Hodor;Hodor;Hodor;Hodor;;;;;;;;;x
nick_the_big_fawn;Hodor;Hodor;Hodor;Hodor;Hodor;;;;;;;;;x
nick_the_strong_fawn;Hodor;Hodor;Hodor;Hodor;Hodor;;;;;;;;;x
nick_the_charming_fawn;Hodor;Hodor;Hodor;Hodor;Hodor;;;;;;;;;x
nick_the_grotesque_fawn;Hodor;Hodor;Hodor;Hodor;Hodor;;;;;;;;;x
nick_the_little_fawn;Hodor;Hodor;Hodor;Hodor;Hodor;;;;;;;;;x
nick_the_wise_fawn;Hodor;Hodor;Hodor;Hodor;Hodor;;;;;;;;;x
nick_the_simple_fawn;Hodor;Hodor;Hodor;Hodor;Hodor;;;;;;;;;x
nick_the_learned_fawn;Hodor;Hodor;Hodor;Hodor;Hodor;;;;;;;;;x
nick_the_delicate_fawn;Hodor;Hodor;Hodor;Hodor;Hodor;;;;;;;;;x
nick_the_suspicious_fawn;Hodor;Hodor;Hodor;Hodor;Hodor;;;;;;;;;x
nick_the_headstrong_fawn;Hodor;Hodor;Hodor;Hodor;Hodor;;;;;;;;;x
nick_the_laughing_fawn;Hodor;Hodor;Hodor;Hodor;Hodor;;;;;;;;;x
nick_the_fawn_knight;Hodor;Hodor;Hodor;Hodor;Hodor;;;;;;;;;x
######Dondarion Nicknames;Hodor;Hodor;Hodor;Hodor;Hodor;;;;;;;;;x
nick_the_black_lightning;Hodor;Hodor;Hodor;Hodor;Hodor;;;;;;;;;x
nick_the_white_lightning;Hodor;Hodor;Hodor;Hodor;Hodor;;;;;;;;;x
nick_the_crazed_lightning;Hodor;Hodor;Hodor;Hodor;Hodor;;;;;;;;;x
nick_the_wild_lightning;Hodor;Hodor;Hodor;Hodor;Hodor;;;;;;;;;x
nick_the_harmless_lightning;Hodor;Hodor;Hodor;Hodor;Hodor;;;;;;;;;x
nick_the_big_lightning;Hodor;Hodor;Hodor;Hodor;Hodor;;;;;;;;;x
nick_the_strong_lightning;Hodor;Hodor;Hodor;Hodor;Hodor;;;;;;;;;x
nick_the_charming_lightning;Hodor;Hodor;Hodor;Hodor;Hodor;;;;;;;;;x
nick_the_grotesque_lightning;Hodor;Hodor;Hodor;Hodor;Hodor;;;;;;;;;x
nick_the_little_lightning;Hodor;Hodor;Hodor;Hodor;Hodor;;;;;;;;;x
nick_the_wise_lightning;Hodor;Hodor;Hodor;Hodor;Hodor;;;;;;;;;x
nick_the_simple_lightning;Hodor;Hodor;Hodor;Hodor;Hodor;;;;;;;;;x
nick_the_learned_lightning;Hodor;Hodor;Hodor;Hodor;Hodor;;;;;;;;;x
nick_the_delicate_lightning;Hodor;Hodor;Hodor;Hodor;Hodor;;;;;;;;;x
nick_the_suspicious_lightning;Hodor;Hodor;Hodor;Hodor;Hodor;;;;;;;;;x
nick_the_headstrong_lightning;Hodor;Hodor;Hodor;Hodor;Hodor;;;;;;;;;x
nick_the_laughing_lightning;Hodor;Hodor;Hodor;Hodor;Hodor;;;;;;;;;x
nick_the_lightning_knight;Hodor;Hodor;Hodor;Hodor;Hodor;;;;;;;;;x
######Ambrose Nicknames;Hodor;Hodor;Hodor;Hodor;Hodor;;;;;;;;;x
nick_the_black_ant;Hodor;Hodor;Hodor;Hodor;Hodor;;;;;;;;;x
nick_the_white_ant;Hodor;Hodor;Hodor;Hodor;Hodor;;;;;;;;;x
nick_the_crazed_ant;Hodor;Hodor;Hodor;Hodor;Hodor;;;;;;;;;x
nick_the_wild_ant;Hodor;Hodor;Hodor;Hodor;Hodor;;;;;;;;;x
nick_the_harmless_ant;Hodor;Hodor;Hodor;Hodor;Hodor;;;;;;;;;x
nick_the_big_ant;Hodor;Hodor;Hodor;Hodor;Hodor;;;;;;;;;x
nick_the_strong_ant;Hodor;Hodor;Hodor;Hodor;Hodor;;;;;;;;;x
nick_the_charming_ant;Hodor;Hodor;Hodor;Hodor;Hodor;;;;;;;;;x
nick_the_grotesque_ant;Hodor;Hodor;Hodor;Hodor;Hodor;;;;;;;;;x
nick_the_little_ant;Hodor;Hodor;Hodor;Hodor;Hodor;;;;;;;;;x
nick_the_wise_ant;Hodor;Hodor;Hodor;Hodor;Hodor;;;;;;;;;x
nick_the_simple_ant;Hodor;Hodor;Hodor;Hodor;Hodor;;;;;;;;;x
nick_the_learned_ant;Hodor;Hodor;Hodor;Hodor;Hodor;;;;;;;;;x
nick_the_delicate_ant;Hodor;Hodor;Hodor;Hodor;Hodor;;;;;;;;;x
nick_the_suspicious_ant;Hodor;Hodor;Hodor;Hodor;Hodor;;;;;;;;;x
nick_the_headstrong_ant;Hodor;Hodor;Hodor;Hodor;Hodor;;;;;;;;;x
nick_the_laughing_ant;Hodor;Hodor;Hodor;Hodor;Hodor;;;;;;;;;x
nick_the_ant_knight;Hodor;Hodor;Hodor;Hodor;Hodor;;;;;;;;;x
######Caswell Nicknames;Hodor;Hodor;Hodor;Hodor;Hodor;;;;;;;;;x
nick_the_black_centaur;Hodor;Hodor;Hodor;Hodor;Hodor;;;;;;;;;x
nick_the_white_centaur;Hodor;Hodor;Hodor;Hodor;Hodor;;;;;;;;;x
nick_the_crazed_centaur;Hodor;Hodor;Hodor;Hodor;Hodor;;;;;;;;;x
nick_the_wild_centaur;Hodor;Hodor;Hodor;Hodor;Hodor;;;;;;;;;x
nick_the_harmless_centaur;Hodor;Hodor;Hodor;Hodor;Hodor;;;;;;;;;x
nick_the_big_centaur;Hodor;Hodor;Hodor;Hodor;Hodor;;;;;;;;;x
nick_the_strong_centaur;Hodor;Hodor;Hodor;Hodor;Hodor;;;;;;;;;x
nick_the_charming_centaur;Hodor;Hodor;Hodor;Hodor;Hodor;;;;;;;;;x
nick_the_grotesque_centaur;Hodor;Hodor;Hodor;Hodor;Hodor;;;;;;;;;x
nick_the_little_centaur;Hodor;Hodor;Hodor;Hodor;Hodor;;;;;;;;;x
nick_the_wise_centaur;Hodor;Hodor;Hodor;Hodor;Hodor;;;;;;;;;x
nick_the_simple_centaur;Hodor;Hodor;Hodor;Hodor;Hodor;;;;;;;;;x
nick_the_learned_centaur;Hodor;Hodor;Hodor;Hodor;Hodor;;;;;;;;;x
nick_the_delicate_centaur;Hodor;Hodor;Hodor;Hodor;Hodor;;;;;;;;;x
nick_the_suspicious_centaur;Hodor;Hodor;Hodor;Hodor;Hodor;;;;;;;;;x
nick_the_headstrong_centaur;Hodor;Hodor;Hodor;Hodor;Hodor;;;;;;;;;x
nick_the_laughing_centaur;Hodor;Hodor;Hodor;Hodor;Hodor;;;;;;;;;x
nick_the_centaur_knight;Hodor;Hodor;Hodor;Hodor;Hodor;;;;;;;;;x
######Beesbury Nicknames;Hodor;Hodor;Hodor;Hodor;Hodor;;;;;;;;;x
nick_the_black_bee;Hodor;Hodor;Hodor;Hodor;Hodor;;;;;;;;;x
nick_the_white_bee;Hodor;Hodor;Hodor;Hodor;Hodor;;;;;;;;;x
nick_the_crazed_bee;Hodor;Hodor;Hodor;Hodor;Hodor;;;;;;;;;x
nick_the_wild_bee;Hodor;Hodor;Hodor;Hodor;Hodor;;;;;;;;;x
nick_the_harmless_bee;Hodor;Hodor;Hodor;Hodor;Hodor;;;;;;;;;x
nick_the_big_bee;Hodor;Hodor;Hodor;Hodor;Hodor;;;;;;;;;x
nick_the_strong_bee;Hodor;Hodor;Hodor;Hodor;Hodor;;;;;;;;;x
nick_the_charming_bee;Hodor;Hodor;Hodor;Hodor;Hodor;;;;;;;;;x
nick_the_grotesque_bee;Hodor;Hodor;Hodor;Hodor;Hodor;;;;;;;;;x
nick_the_little_bee;Hodor;Hodor;Hodor;Hodor;Hodor;;;;;;;;;x
nick_the_wise_bee;Hodor;Hodor;Hodor;Hodor;Hodor;;;;;;;;;x
nick_the_simple_bee;Hodor;Hodor;Hodor;Hodor;Hodor;;;;;;;;;x
nick_the_learned_bee;Hodor;Hodor;Hodor;Hodor;Hodor;;;;;;;;;x
nick_the_delicate_bee;Hodor;Hodor;Hodor;Hodor;Hodor;;;;;;;;;x
nick_the_suspicious_bee;Hodor;Hodor;Hodor;Hodor;Hodor;;;;;;;;;x
nick_the_headstrong_bee;Hodor;Hodor;Hodor;Hodor;Hodor;;;;;;;;;x
nick_the_laughing_bee;Hodor;Hodor;Hodor;Hodor;Hodor;;;;;;;;;x
nick_the_bee_knight;Hodor;Hodor;Hodor;Hodor;Hodor;;;;;;;;;x
######Mullendore Nicknames;Hodor;Hodor;Hodor;Hodor;Hodor;;;;;;;;;x
nick_the_black_butterfly;Hodor;Hodor;Hodor;Hodor;Hodor;;;;;;;;;x
nick_the_white_butterfly;Hodor;Hodor;Hodor;Hodor;Hodor;;;;;;;;;x
nick_the_crazed_butterfly;Hodor;Hodor;Hodor;Hodor;Hodor;;;;;;;;;x
nick_the_wild_butterfly;Hodor;Hodor;Hodor;Hodor;Hodor;;;;;;;;;x
nick_the_harmless_butterfly;Hodor;Hodor;Hodor;Hodor;Hodor;;;;;;;;;x
nick_the_big_butterfly;Hodor;Hodor;Hodor;Hodor;Hodor;;;;;;;;;x
nick_the_strong_butterfly;Hodor;Hodor;Hodor;Hodor;Hodor;;;;;;;;;x
nick_the_charming_butterfly;Hodor;Hodor;Hodor;Hodor;Hodor;;;;;;;;;x
nick_the_grotesque_butterfly;Hodor;Hodor;Hodor;Hodor;Hodor;;;;;;;;;x
nick_the_little_butterfly;Hodor;Hodor;Hodor;Hodor;Hodor;;;;;;;;;x
nick_the_wise_butterfly;Hodor;Hodor;Hodor;Hodor;Hodor;;;;;;;;;x
nick_the_simple_butterfly;Hodor;Hodor;Hodor;Hodor;Hodor;;;;;;;;;x
nick_the_learned_butterfly;Hodor;Hodor;Hodor;Hodor;Hodor;;;;;;;;;x
nick_the_delicate_butterfly;Hodor;Hodor;Hodor;Hodor;Hodor;;;;;;;;;x
nick_the_suspicious_butterfly;Hodor;Hodor;Hodor;Hodor;Hodor;;;;;;;;;x
nick_the_headstrong_butterfly;Hodor;Hodor;Hodor;Hodor;Hodor;;;;;;;;;x
nick_the_laughing_butterfly;Hodor;Hodor;Hodor;Hodor;Hodor;;;;;;;;;x
nick_the_butterfly_knight;Hodor;Hodor;Hodor;Hodor;Hodor;;;;;;;;;x
######Webber Nicknames;Hodor;Hodor;Hodor;Hodor;Hodor;;;;;;;;;x
nick_the_black_spider;Hodor;Hodor;Hodor;Hodor;Hodor;;;;;;;;;x
nick_the_white_spider;Hodor;Hodor;Hodor;Hodor;Hodor;;;;;;;;;x
nick_the_crazed_spider;Hodor;Hodor;Hodor;Hodor;Hodor;;;;;;;;;x
nick_the_wild_spider;Hodor;Hodor;Hodor;Hodor;Hodor;;;;;;;;;x
nick_the_harmless_spider;Hodor;Hodor;Hodor;Hodor;Hodor;;;;;;;;;x
nick_the_big_spider;Hodor;Hodor;Hodor;Hodor;Hodor;;;;;;;;;x
nick_the_strong_spider;Hodor;Hodor;Hodor;Hodor;Hodor;;;;;;;;;x
nick_the_charming_spider;Hodor;Hodor;Hodor;Hodor;Hodor;;;;;;;;;x
nick_the_grotesque_spider;Hodor;Hodor;Hodor;Hodor;Hodor;;;;;;;;;x
nick_the_little_spider;Hodor;Hodor;Hodor;Hodor;Hodor;;;;;;;;;x
nick_the_wise_spider;Hodor;Hodor;Hodor;Hodor;Hodor;;;;;;;;;x
nick_the_simple_spider;Hodor;Hodor;Hodor;Hodor;Hodor;;;;;;;;;x
nick_the_learned_spider;Hodor;Hodor;Hodor;Hodor;Hodor;;;;;;;;;x
nick_the_delicate_spider;Hodor;Hodor;Hodor;Hodor;Hodor;;;;;;;;;x
nick_the_suspicious_spider;Hodor;Hodor;Hodor;Hodor;Hodor;;;;;;;;;x
nick_the_headstrong_spider;Hodor;Hodor;Hodor;Hodor;Hodor;;;;;;;;;x
nick_the_laughing_spider;Hodor;Hodor;Hodor;Hodor;Hodor;;;;;;;;;x
nick_the_spider_knight;Hodor;Hodor;Hodor;Hodor;Hodor;;;;;;;;;x
######Varner Nicknames;Hodor;Hodor;Hodor;Hodor;Hodor;;;;;;;;;x
nick_the_black_weasel;Hodor;Hodor;Hodor;Hodor;Hodor;;;;;;;;;x
nick_the_white_weasel;Hodor;Hodor;Hodor;Hodor;Hodor;;;;;;;;;x
nick_the_crazed_weasel;Hodor;Hodor;Hodor;Hodor;Hodor;;;;;;;;;x
nick_the_wild_weasel;Hodor;Hodor;Hodor;Hodor;Hodor;;;;;;;;;x
nick_the_harmless_weasel;Hodor;Hodor;Hodor;Hodor;Hodor;;;;;;;;;x
nick_the_big_weasel;Hodor;Hodor;Hodor;Hodor;Hodor;;;;;;;;;x
nick_the_strong_weasel;Hodor;Hodor;Hodor;Hodor;Hodor;;;;;;;;;x
nick_the_charming_weasel;Hodor;Hodor;Hodor;Hodor;Hodor;;;;;;;;;x
nick_the_grotesque_weasel;Hodor;Hodor;Hodor;Hodor;Hodor;;;;;;;;;x
nick_the_little_weasel;Hodor;Hodor;Hodor;Hodor;Hodor;;;;;;;;;x
nick_the_wise_weasel;Hodor;Hodor;Hodor;Hodor;Hodor;;;;;;;;;x
nick_the_simple_weasel;Hodor;Hodor;Hodor;Hodor;Hodor;;;;;;;;;x
nick_the_learned_weasel;Hodor;Hodor;Hodor;Hodor;Hodor;;;;;;;;;x
nick_the_delicate_weasel;Hodor;Hodor;Hodor;Hodor;Hodor;;;;;;;;;x
nick_the_suspicious_weasel;Hodor;Hodor;Hodor;Hodor;Hodor;;;;;;;;;x
nick_the_headstrong_weasel;Hodor;Hodor;Hodor;Hodor;Hodor;;;;;;;;;x
nick_the_laughing_weasel;Hodor;Hodor;Hodor;Hodor;Hodor;;;;;;;;;x
nick_the_weasel_knight;Hodor;Hodor;Hodor;Hodor;Hodor;;;;;;;;;x
######Qorgyle Nicknames;Hodor;Hodor;Hodor;Hodor;Hodor;;;;;;;;;x
nick_the_black_scorpion;Hodor;Hodor;Hodor;Hodor;Hodor;;;;;;;;;x
nick_the_white_scorpion;Hodor;Hodor;Hodor;Hodor;Hodor;;;;;;;;;x
nick_the_crazed_scorpion;Hodor;Hodor;Hodor;Hodor;Hodor;;;;;;;;;x
nick_the_wild_scorpion;Hodor;Hodor;Hodor;Hodor;Hodor;;;;;;;;;x
nick_the_harmless_scorpion;Hodor;Hodor;Hodor;Hodor;Hodor;;;;;;;;;x
nick_the_big_scorpion;Hodor;Hodor;Hodor;Hodor;Hodor;;;;;;;;;x
nick_the_strong_scorpion;Hodor;Hodor;Hodor;Hodor;Hodor;;;;;;;;;x
nick_the_charming_scorpion;Hodor;Hodor;Hodor;Hodor;Hodor;;;;;;;;;x
nick_the_grotesque_scorpion;Hodor;Hodor;Hodor;Hodor;Hodor;;;;;;;;;x
nick_the_little_scorpion;Hodor;Hodor;Hodor;Hodor;Hodor;;;;;;;;;x
nick_the_wise_scorpion;Hodor;Hodor;Hodor;Hodor;Hodor;;;;;;;;;x
nick_the_simple_scorpion;Hodor;Hodor;Hodor;Hodor;Hodor;;;;;;;;;x
nick_the_learned_scorpion;Hodor;Hodor;Hodor;Hodor;Hodor;;;;;;;;;x
nick_the_delicate_scorpion;Hodor;Hodor;Hodor;Hodor;Hodor;;;;;;;;;x
nick_the_suspicious_scorpion;Hodor;Hodor;Hodor;Hodor;Hodor;;;;;;;;;x
nick_the_headstrong_scorpion;Hodor;Hodor;Hodor;Hodor;Hodor;;;;;;;;;x
nick_the_laughing_scorpion;Hodor;Hodor;Hodor;Hodor;Hodor;;;;;;;;;x
nick_the_scorpion_knight;Hodor;Hodor;Hodor;Hodor;Hodor;;;;;;;;;x
######Vaith Nicknames;Hodor;Hodor;Hodor;Hodor;Hodor;;;;;;;;;x
nick_the_black_leopard;Hodor;Hodor;Hodor;Hodor;Hodor;;;;;;;;;x
nick_the_white_leopard;Hodor;Hodor;Hodor;Hodor;Hodor;;;;;;;;;x
nick_the_crazed_leopard;Hodor;Hodor;Hodor;Hodor;Hodor;;;;;;;;;x
nick_the_wild_leopard;Hodor;Hodor;Hodor;Hodor;Hodor;;;;;;;;;x
nick_the_harmless_leopard;Hodor;Hodor;Hodor;Hodor;Hodor;;;;;;;;;x
nick_the_big_leopard;Hodor;Hodor;Hodor;Hodor;Hodor;;;;;;;;;x
nick_the_strong_leopard;Hodor;Hodor;Hodor;Hodor;Hodor;;;;;;;;;x
nick_the_charming_leopard;Hodor;Hodor;Hodor;Hodor;Hodor;;;;;;;;;x
nick_the_grotesque_leopard;Hodor;Hodor;Hodor;Hodor;Hodor;;;;;;;;;x
nick_the_little_leopard;Hodor;Hodor;Hodor;Hodor;Hodor;;;;;;;;;x
nick_the_wise_leopard;Hodor;Hodor;Hodor;Hodor;Hodor;;;;;;;;;x
nick_the_simple_leopard;Hodor;Hodor;Hodor;Hodor;Hodor;;;;;;;;;x
nick_the_learned_leopard;Hodor;Hodor;Hodor;Hodor;Hodor;;;;;;;;;x
nick_the_delicate_leopard;Hodor;Hodor;Hodor;Hodor;Hodor;;;;;;;;;x
nick_the_suspicious_leopard;Hodor;Hodor;Hodor;Hodor;Hodor;;;;;;;;;x
nick_the_headstrong_leopard;Hodor;Hodor;Hodor;Hodor;Hodor;;;;;;;;;x
nick_the_laughing_leopard;Hodor;Hodor;Hodor;Hodor;Hodor;;;;;;;;;x
nick_the_leopard_knight;Hodor;Hodor;Hodor;Hodor;Hodor;;;;;;;;;x
nick_the_lionknight;Hodor;Hodor;Hodor;Hodor;Hodor;;;;;;;;;x
nick_the_crimsonknight;Hodor;Hodor;Hodor;Hodor;Hodor;;;;;;;;;x
nick_the_wolfknight;Hodor;Hodor;Hodor;Hodor;Hodor;;;;;;;;;x
nick_the_fireknight;Hodor;Hodor;Hodor;Hodor;Hodor;;;;;;;;;x
nick_the_stagknight;Hodor;Hodor;Hodor;Hodor;Hodor;;;;;;;;;x
nick_the_spearknight;Hodor;Hodor;Hodor;Hodor;Hodor;;;;;;;;;x
nick_the_sunknight;Hodor;Hodor;Hodor;Hodor;Hodor;;;;;;;;;x
nick_the_roseknight;Hodor;Hodor;Hodor;Hodor;Hodor;;;;;;;;;x
nick_the_fishknight;Hodor;Hodor;Hodor;Hodor;Hodor;;;;;;;;;x
nick_the_krakenknight;Hodor;Hodor;Hodor;Hodor;Hodor;;;;;;;;;x
nick_the_foxknight;Hodor;Hodor;Hodor;Hodor;Hodor;;;;;;;;;x
nick_the_eagleknight;Hodor;Hodor;Hodor;Hodor;Hodor;;;;;;;;;x
nick_the_bearknight;Hodor;Hodor;Hodor;Hodor;Hodor;;;;;;;;;x
nick_the_mermanknight;Hodor;Hodor;Hodor;Hodor;Hodor;;;;;;;;;x
nick_the_towerknight;Hodor;Hodor;Hodor;Hodor;Hodor;;;;;;;;;x
nick_the_griffinknight;Hodor;Hodor;Hodor;Hodor;Hodor;;;;;;;;;x
nick_the_oakenknight;Hodor;Hodor;Hodor;Hodor;Hodor;;;;;;;;;x
nick_the_appleknight;Hodor;Hodor;Hodor;Hodor;Hodor;;;;;;;;;x
nick_the_boarknight;Hodor;Hodor;Hodor;Hodor;Hodor;;;;;;;;;x
nick_the_houndknight;Hodor;Hodor;Hodor;Hodor;Hodor;;;;;;;;;x
nick_the_thornknight;Hodor;Hodor;Hodor;Hodor;Hodor;;;;;;;;;x
nick_the_turtleknight;Hodor;Hodor;Hodor;Hodor;Hodor;;;;;;;;;x
nick_the_swanknight;Hodor;Hodor;Hodor;Hodor;Hodor;;;;;;;;;x
nick_the_chequyknight;Hodor;Hodor;Hodor;Hodor;Hodor;;;;;;;;;x
######Mallister Nicknames;Hodor;Hodor;Hodor;Hodor;Hodor;;;;;;;;;x
nick_the_black_eagle;Hodor;Hodor;Hodor;Hodor;Hodor;;;;;;;;;x
nick_the_white_eagle;Hodor;Hodor;Hodor;Hodor;Hodor;;;;;;;;;x
nick_the_crazed_eagle;Hodor;Hodor;Hodor;Hodor;Hodor;;;;;;;;;x
nick_the_wild_eagle;Hodor;Hodor;Hodor;Hodor;Hodor;;;;;;;;;x
nick_the_harmless_eagle;Hodor;Hodor;Hodor;Hodor;Hodor;;;;;;;;;x
nick_the_big_eagle;Hodor;Hodor;Hodor;Hodor;Hodor;;;;;;;;;x
nick_the_strong_eagle;Hodor;Hodor;Hodor;Hodor;Hodor;;;;;;;;;x
nick_the_charming_eagle;Hodor;Hodor;Hodor;Hodor;Hodor;;;;;;;;;x
nick_the_grotesque_eagle;Hodor;Hodor;Hodor;Hodor;Hodor;;;;;;;;;x
nick_the_little_eagle;Hodor;Hodor;Hodor;Hodor;Hodor;;;;;;;;;x
nick_the_wise_eagle;Hodor;Hodor;Hodor;Hodor;Hodor;;;;;;;;;x
nick_the_simple_eagle;Hodor;Hodor;Hodor;Hodor;Hodor;;;;;;;;;x
nick_the_learned_eagle;Hodor;Hodor;Hodor;Hodor;Hodor;;;;;;;;;x
nick_the_delicate_eagle;Hodor;Hodor;Hodor;Hodor;Hodor;;;;;;;;;x
nick_the_suspicious_eagle;Hodor;Hodor;Hodor;Hodor;Hodor;;;;;;;;;x
nick_the_headstrong_eagle;Hodor;Hodor;Hodor;Hodor;Hodor;;;;;;;;;x
nick_the_laughing_eagle;Hodor;Hodor;Hodor;Hodor;Hodor;;;;;;;;;x
nick_the_falcon_knight;Hodor;Hodor;Hodor;Hodor;Hodor;;;;;;;;;x
######Deddings Nicknames;Hodor;Hodor;Hodor;Hodor;Hodor;;;;;;;;;x
nick_the_black_ram;Hodor;Hodor;Hodor;Hodor;Hodor;;;;;;;;;x
nick_the_white_ram;Hodor;Hodor;Hodor;Hodor;Hodor;;;;;;;;;x
nick_the_crazed_ram;Hodor;Hodor;Hodor;Hodor;Hodor;;;;;;;;;x
nick_the_wild_ram;Hodor;Hodor;Hodor;Hodor;Hodor;;;;;;;;;x
nick_the_harmless_ram;Hodor;Hodor;Hodor;Hodor;Hodor;;;;;;;;;x
nick_the_big_ram;Hodor;Hodor;Hodor;Hodor;Hodor;;;;;;;;;x
nick_the_strong_ram;Hodor;Hodor;Hodor;Hodor;Hodor;;;;;;;;;x
nick_the_charming_ram;Hodor;Hodor;Hodor;Hodor;Hodor;;;;;;;;;x
nick_the_grotesque_ram;Hodor;Hodor;Hodor;Hodor;Hodor;;;;;;;;;x
nick_the_little_ram;Hodor;Hodor;Hodor;Hodor;Hodor;;;;;;;;;x
nick_the_wise_ram;Hodor;Hodor;Hodor;Hodor;Hodor;;;;;;;;;x
nick_the_simple_ram;Hodor;Hodor;Hodor;Hodor;Hodor;;;;;;;;;x
nick_the_learned_ram;Hodor;Hodor;Hodor;Hodor;Hodor;;;;;;;;;x
nick_the_delicate_ram;Hodor;Hodor;Hodor;Hodor;Hodor;;;;;;;;;x
nick_the_suspicious_ram;Hodor;Hodor;Hodor;Hodor;Hodor;;;;;;;;;x
nick_the_headstrong_ram;Hodor;Hodor;Hodor;Hodor;Hodor;;;;;;;;;x
nick_the_laughing_ram;Hodor;Hodor;Hodor;Hodor;Hodor;;;;;;;;;x
nick_the_ram_knight;Hodor;Hodor;Hodor;Hodor;Hodor;;;;;;;;;x
######Lolliston Nicknames;Hodor;Hodor;Hodor;Hodor;Hodor;;;;;;;;;x
nick_the_black_barrel;Hodor;Hodor;Hodor;Hodor;Hodor;;;;;;;;;x
nick_the_white_barrel;Hodor;Hodor;Hodor;Hodor;Hodor;;;;;;;;;x
nick_the_crazed_barrel;Hodor;Hodor;Hodor;Hodor;Hodor;;;;;;;;;x
nick_the_wild_barrel;Hodor;Hodor;Hodor;Hodor;Hodor;;;;;;;;;x
nick_the_harmless_barrel;Hodor;Hodor;Hodor;Hodor;Hodor;;;;;;;;;x
nick_the_big_barrel;Hodor;Hodor;Hodor;Hodor;Hodor;;;;;;;;;x
nick_the_strong_barrel;Hodor;Hodor;Hodor;Hodor;Hodor;;;;;;;;;x
nick_the_charming_barrel;Hodor;Hodor;Hodor;Hodor;Hodor;;;;;;;;;x
nick_the_grotesque_barrel;Hodor;Hodor;Hodor;Hodor;Hodor;;;;;;;;;x
nick_the_little_barrel;Hodor;Hodor;Hodor;Hodor;Hodor;;;;;;;;;x
nick_the_wise_barrel;Hodor;Hodor;Hodor;Hodor;Hodor;;;;;;;;;x
nick_the_simple_barrel;Hodor;Hodor;Hodor;Hodor;Hodor;;;;;;;;;x
nick_the_learned_barrel;Hodor;Hodor;Hodor;Hodor;Hodor;;;;;;;;;x
nick_the_delicate_barrel;Hodor;Hodor;Hodor;Hodor;Hodor;;;;;;;;;x
nick_the_suspicious_barrel;Hodor;Hodor;Hodor;Hodor;Hodor;;;;;;;;;x
nick_the_headstrong_barrel;Hodor;Hodor;Hodor;Hodor;Hodor;;;;;;;;;x
nick_the_laughing_barrel;Hodor;Hodor;Hodor;Hodor;Hodor;;;;;;;;;x
nick_the_barrel_knight;Hodor;Hodor;Hodor;Hodor;Hodor;;;;;;;;;x
######Piper Nicknames;Hodor;Hodor;Hodor;Hodor;Hodor;;;;;;;;;x
nick_the_black_pipe;Hodor;Hodor;Hodor;Hodor;Hodor;;;;;;;;;x
nick_the_white_pipe;Hodor;Hodor;Hodor;Hodor;Hodor;;;;;;;;;x
nick_the_crazed_pipe;Hodor;Hodor;Hodor;Hodor;Hodor;;;;;;;;;x
nick_the_wild_pipe;Hodor;Hodor;Hodor;Hodor;Hodor;;;;;;;;;x
nick_the_harmless_pipe;Hodor;Hodor;Hodor;Hodor;Hodor;;;;;;;;;x
nick_the_big_pipe;Hodor;Hodor;Hodor;Hodor;Hodor;;;;;;;;;x
nick_the_strong_pipe;Hodor;Hodor;Hodor;Hodor;Hodor;;;;;;;;;x
nick_the_charming_pipe;Hodor;Hodor;Hodor;Hodor;Hodor;;;;;;;;;x
nick_the_grotesque_pipe;Hodor;Hodor;Hodor;Hodor;Hodor;;;;;;;;;x
nick_the_little_pipe;Hodor;Hodor;Hodor;Hodor;Hodor;;;;;;;;;x
nick_the_wise_pipe;Hodor;Hodor;Hodor;Hodor;Hodor;;;;;;;;;x
nick_the_simple_pipe;Hodor;Hodor;Hodor;Hodor;Hodor;;;;;;;;;x
nick_the_learned_pipe;Hodor;Hodor;Hodor;Hodor;Hodor;;;;;;;;;x
nick_the_delicate_pipe;Hodor;Hodor;Hodor;Hodor;Hodor;;;;;;;;;x
nick_the_suspicious_pipe;Hodor;Hodor;Hodor;Hodor;Hodor;;;;;;;;;x
nick_the_headstrong_pipe;Hodor;Hodor;Hodor;Hodor;Hodor;;;;;;;;;x
nick_the_laughing_pipe;Hodor;Hodor;Hodor;Hodor;Hodor;;;;;;;;;x
nick_the_pipe_knight;Hodor;Hodor;Hodor;Hodor;Hodor;;;;;;;;;x
######Brune Nicknames;Hodor;Hodor;Hodor;Hodor;Hodor;;;;;;;;;x
nick_the_black_paw;Hodor;Hodor;Hodor;Hodor;Hodor;;;;;;;;;x
nick_the_white_paw;Hodor;Hodor;Hodor;Hodor;Hodor;;;;;;;;;x
nick_the_crazed_paw;Hodor;Hodor;Hodor;Hodor;Hodor;;;;;;;;;x
nick_the_wild_paw;Hodor;Hodor;Hodor;Hodor;Hodor;;;;;;;;;x
nick_the_harmless_paw;Hodor;Hodor;Hodor;Hodor;Hodor;;;;;;;;;x
nick_the_big_paw;Hodor;Hodor;Hodor;Hodor;Hodor;;;;;;;;;x
nick_the_strong_paw;Hodor;Hodor;Hodor;Hodor;Hodor;;;;;;;;;x
nick_the_charming_paw;Hodor;Hodor;Hodor;Hodor;Hodor;;;;;;;;;x
nick_the_grotesque_paw;Hodor;Hodor;Hodor;Hodor;Hodor;;;;;;;;;x
nick_the_little_paw;Hodor;Hodor;Hodor;Hodor;Hodor;;;;;;;;;x
nick_the_wise_paw;Hodor;Hodor;Hodor;Hodor;Hodor;;;;;;;;;x
nick_the_simple_paw;Hodor;Hodor;Hodor;Hodor;Hodor;;;;;;;;;x
nick_the_learned_paw;Hodor;Hodor;Hodor;Hodor;Hodor;;;;;;;;;x
nick_the_delicate_paw;Hodor;Hodor;Hodor;Hodor;Hodor;;;;;;;;;x
nick_the_suspicious_paw;Hodor;Hodor;Hodor;Hodor;Hodor;;;;;;;;;x
nick_the_headstrong_paw;Hodor;Hodor;Hodor;Hodor;Hodor;;;;;;;;;x
nick_the_laughing_paw;Hodor;Hodor;Hodor;Hodor;Hodor;;;;;;;;;x
nick_the_pawknight;Hodor;Hodor;Hodor;Hodor;Hodor;;;;;;;;;x
######Dayne Nicknames;Hodor;Hodor;Hodor;Hodor;Hodor;;;;;;;;;x
nick_the_black_star;Hodor;Hodor;Hodor;Hodor;Hodor;;;;;;;;;x
nick_the_white_star;Hodor;Hodor;Hodor;Hodor;Hodor;;;;;;;;;x
nick_the_crazed_star;Hodor;Hodor;Hodor;Hodor;Hodor;;;;;;;;;x
nick_the_wild_star;Hodor;Hodor;Hodor;Hodor;Hodor;;;;;;;;;x
nick_the_harmless_star;Hodor;Hodor;Hodor;Hodor;Hodor;;;;;;;;;x
nick_the_big_star;Hodor;Hodor;Hodor;Hodor;Hodor;;;;;;;;;x
nick_the_strong_star;Hodor;Hodor;Hodor;Hodor;Hodor;;;;;;;;;x
nick_the_charming_star;Hodor;Hodor;Hodor;Hodor;Hodor;;;;;;;;;x
nick_the_grotesque_star;Hodor;Hodor;Hodor;Hodor;Hodor;;;;;;;;;x
nick_the_little_star;Hodor;Hodor;Hodor;Hodor;Hodor;;;;;;;;;x
nick_the_wise_star;Hodor;Hodor;Hodor;Hodor;Hodor;;;;;;;;;x
nick_the_simple_star;Hodor;Hodor;Hodor;Hodor;Hodor;;;;;;;;;x
nick_the_learned_star;Hodor;Hodor;Hodor;Hodor;Hodor;;;;;;;;;x
nick_the_delicate_star;Hodor;Hodor;Hodor;Hodor;Hodor;;;;;;;;;x
nick_the_suspicious_star;Hodor;Hodor;Hodor;Hodor;Hodor;;;;;;;;;x
nick_the_headstrong_star;Hodor;Hodor;Hodor;Hodor;Hodor;;;;;;;;;x
nick_the_laughing_star;Hodor;Hodor;Hodor;Hodor;Hodor;;;;;;;;;x
nick_the_starknight;Hodor;Hodor;Hodor;Hodor;Hodor;;;;;;;;;x
######Celtigar/Crabb Nicknames;Hodor;Hodor;Hodor;Hodor;Hodor;;;;;;;;;x
nick_the_black_crab;Hodor;Hodor;Hodor;Hodor;Hodor;;;;;;;;;x
nick_the_white_crab;Hodor;Hodor;Hodor;Hodor;Hodor;;;;;;;;;x
nick_the_crazed_crab;Hodor;Hodor;Hodor;Hodor;Hodor;;;;;;;;;x
nick_the_wild_crab;Hodor;Hodor;Hodor;Hodor;Hodor;;;;;;;;;x
nick_the_harmless_crab;Hodor;Hodor;Hodor;Hodor;Hodor;;;;;;;;;x
nick_the_big_crab;Hodor;Hodor;Hodor;Hodor;Hodor;;;;;;;;;x
nick_the_strong_crab;Hodor;Hodor;Hodor;Hodor;Hodor;;;;;;;;;x
nick_the_charming_crab;Hodor;Hodor;Hodor;Hodor;Hodor;;;;;;;;;x
nick_the_grotesque_crab;Hodor;Hodor;Hodor;Hodor;Hodor;;;;;;;;;x
nick_the_little_crab;Hodor;Hodor;Hodor;Hodor;Hodor;;;;;;;;;x
nick_the_wise_crab;Hodor;Hodor;Hodor;Hodor;Hodor;;;;;;;;;x
nick_the_simple_crab;Hodor;Hodor;Hodor;Hodor;Hodor;;;;;;;;;x
nick_the_learned_crab;Hodor;Hodor;Hodor;Hodor;Hodor;;;;;;;;;x
nick_the_delicate_crab;Hodor;Hodor;Hodor;Hodor;Hodor;;;;;;;;;x
nick_the_suspicious_crab;Hodor;Hodor;Hodor;Hodor;Hodor;;;;;;;;;x
nick_the_headstrong_crab;Hodor;Hodor;Hodor;Hodor;Hodor;;;;;;;;;x
nick_the_laughing_crab;Hodor;Hodor;Hodor;Hodor;Hodor;;;;;;;;;x
nick_the_crabknight;Hodor;Hodor;Hodor;Hodor;Hodor;;;;;;;;;x
GetNicknameWarrior_Blank;Hodor;Hodor;Hodor;Hodor;Hodor;;;;;;;;;x
GetNicknameWarrior_Warrior;Hodor;Hodor;Hodor;Hodor;Hodor;;;;;;;;;x
GetNicknameWarrior_Knight;Hodor;Hodor;Hodor;Hodor;Hodor;;;;;;;;;x
GetNicknameWarrior_Reaver;Hodor;Hodor;Hodor;Hodor;Hodor;;;;;;;;;x
GetNicknameWarrior_Ranger;Hodor;Hodor;Hodor;Hodor;Hodor;;;;;;;;;x
GetNicknameWarrior_LordLady;Hodor;Hodor;Hodor;Hodor;Hodor;;;;;;;;;x
GetNicknameWarrior_KingQueen;Hodor;Hodor;Hodor;Hodor;Hodor;;;;;;;;;x
nick_the_pipeknight;Hodor;Hodor;Hodor;Hodor;Hodor;;;;;;;;;x
nick_the_barrelknight;Hodor;Hodor;Hodor;Hodor;Hodor;;;;;;;;;x
nick_the_ramknight;Hodor;Hodor;Hodor;Hodor;Hodor;;;;;;;;;x
nick_the_leopardknight;Hodor;Hodor;Hodor;Hodor;Hodor;;;;;;;;;x
nick_the_scorpionknight;Hodor;Hodor;Hodor;Hodor;Hodor;;;;;;;;;x
nick_the_weaselknight;Hodor;Hodor;Hodor;Hodor;Hodor;;;;;;;;;x
nick_the_spiderknight;Hodor;Hodor;Hodor;Hodor;Hodor;;;;;;;;;x
nick_the_butterflyknight;Hodor;Hodor;Hodor;Hodor;Hodor;;;;;;;;;x
nick_the_beeknight;Hodor;Hodor;Hodor;Hodor;Hodor;;;;;;;;;x
nick_the_centaurknight;Hodor;Hodor;Hodor;Hodor;Hodor;;;;;;;;;x
nick_the_antknight;Hodor;Hodor;Hodor;Hodor;Hodor;;;;;;;;;x
nick_the_lightningknight;Hodor;Hodor;Hodor;Hodor;Hodor;;;;;;;;;x
nick_the_fawnknight;Hodor;Hodor;Hodor;Hodor;Hodor;;;;;;;;;x
nick_the_peacockknight;Hodor;Hodor;Hodor;Hodor;Hodor;;;;;;;;;x
nick_the_oxknight;Hodor;Hodor;Hodor;Hodor;Hodor;;;;;;;;;x
nick_the_shellknight;Hodor;Hodor;Hodor;Hodor;Hodor;;;;;;;;;x
nick_the_badgerknight;Hodor;Hodor;Hodor;Hodor;Hodor;;;;;;;;;x
nick_the_unicornknight;Hodor;Hodor;Hodor;Hodor;Hodor;;;;;;;;;x
nick_the_seahorseknight;Hodor;Hodor;Hodor;Hodor;Hodor;;;;;;;;;x
nick_the_swordfishknight;Hodor;Hodor;Hodor;Hodor;Hodor;;;;;;;;;x
nick_the_arrowknight;Hodor;Hodor;Hodor;Hodor;Hodor;;;;;;;;;x
nick_the_bellknight;Hodor;Hodor;Hodor;Hodor;Hodor;;;;;;;;;x
nick_the_batknight;Hodor;Hodor;Hodor;Hodor;Hodor;;;;;;;;;x
nick_the_frogknight;Hodor;Hodor;Hodor;Hodor;Hodor;;;;;;;;;x
nick_the_salmonknight;Hodor;Hodor;Hodor;Hodor;Hodor;;;;;;;;;x
nick_the_snakeknight;Hodor;Hodor;Hodor;Hodor;Hodor;;;;;;;;;x
nick_the_scytheknight;Hodor;Hodor;Hodor;Hodor;Hodor;;;;;;;;;x
nick_the_warhornknight;Hodor;Hodor;Hodor;Hodor;Hodor;;;;;;;;;x
nick_the_axeknight;Hodor;Hodor;Hodor;Hodor;Hodor;;;;;;;;;x
nick_the_laughing_swan;Hodor;Hodor;Hodor;Hodor;Hodor;;;;;;;;;x
nick_the_laughing_turtle;Hodor;Hodor;Hodor;Hodor;Hodor;;;;;;;;;x
nick_the_laughing_thorn;Hodor;Hodor;Hodor;Hodor;Hodor;;;;;;;;;x
nick_the_laughing_hound;Hodor;Hodor;Hodor;Hodor;Hodor;;;;;;;;;x
nick_the_laughing_boar;Hodor;Hodor;Hodor;Hodor;Hodor;;;;;;;;;x
nick_the_laughing_apple;Hodor;Hodor;Hodor;Hodor;Hodor;;;;;;;;;x
nick_the_laughing_oak;Hodor;Hodor;Hodor;Hodor;Hodor;;;;;;;;;x
nick_the_laughing_griffin;Hodor;Hodor;Hodor;Hodor;Hodor;;;;;;;;;x
nick_the_laughing_tower;Hodor;Hodor;Hodor;Hodor;Hodor;;;;;;;;;x
nick_the_laughing_merman;Hodor;Hodor;Hodor;Hodor;Hodor;;;;;;;;;x
nick_the_mermaidknight;Hodor;Hodor;Hodor;Hodor;Hodor;;;;;;;;;x
nick_the_laughing_mermaid;Hodor;Hodor;Hodor;Hodor;Hodor;;;;;;;;;x
nick_the_laughing_bear;Hodor;Hodor;Hodor;Hodor;Hodor;;;;;;;;;x
nick_the_laughing_fox;Hodor;Hodor;Hodor;Hodor;Hodor;;;;;;;;;x
nick_the_laughing_rose;Hodor;Hodor;Hodor;Hodor;Hodor;;;;;;;;;x
nick_the_laughing_spear;Hodor;Hodor;Hodor;Hodor;Hodor;;;;;;;;;x
nick_the_chequyknight;Hodor;Hodor;Hodor;Hodor;Hodor;;;;;;;;;x
