PROV1;Hodor;Hodor;Hodor;Hodor;Hodor;;;;;;;;;x
PROV2;Hodor;Hodor;Hodor;Hodor;Hodor;;;;;;;;;x
PROV3;Hodor;Hodor;Hodor;Hodor;Hodor;;;;;;;;;x
PROV4;Hodor;Hodor;Hodor;Hodor;Hodor;;;;;;;;;x
PROV5;Hodor;Hodor;Hodor;Hodor;Hodor;;;;;;;;;x
PROV6;Hodor;Hodor;Hodor;Hodor;Hodor;;;;;;;;;x
PROV7;Hodor;Hodor;Hodor;Hodor;Hodor;;;;;;;;;x
PROV8;Hodor;Hodor;Hodor;Hodor;Hodor;;;;;;;;;x
PROV9;Hodor;Hodor;Hodor;Hodor;Hodor;;;;;;;;;x
PROV10;Hodor;Hodor;Hodor;Hodor;Hodor;;;;;;;;;x
PROV11;Hodor;Hodor;Hodor;Hodor;Hodor;;;;;;;;;x
PROV12;Hodor;Hodor;Hodor;Hodor;Hodor;;;;;;;;;x
PROV13;Hodor;Hodor;Hodor;Hodor;Hodor;;;;;;;;;x
PROV14;Hodor;Hodor;Hodor;Hodor;Hodor;;;;;;;;;x
PROV15;Hodor;Hodor;Hodor;Hodor;Hodor;;;;;;;;;x
PROV16;Hodor;Hodor;Hodor;Hodor;Hodor;;;;;;;;;x
PROV17;Hodor;Hodor;Hodor;Hodor;Hodor;;;;;;;;;x
PROV18;Hodor;Hodor;Hodor;Hodor;Hodor;;;;;;;;;x
PROV19;Hodor;Hodor;Hodor;Hodor;Hodor;;;;;;;;;x
PROV20;Hodor;Hodor;Hodor;Hodor;Hodor;;;;;;;;;x
PROV21;Hodor;Hodor;Hodor;Hodor;Hodor;;;;;;;;;x
PROV22;Hodor;Hodor;Hodor;Hodor;Hodor;;;;;;;;;x
PROV23;Hodor;Hodor;Hodor;Hodor;Hodor;;;;;;;;;x
PROV24;Hodor;Hodor;Hodor;Hodor;Hodor;;;;;;;;;x
PROV25;Hodor;Hodor;Hodor;Hodor;Hodor;;;;;;;;;x
PROV26;Hodor;Hodor;Hodor;Hodor;Hodor;;;;;;;;;x
PROV27;Hodor;Hodor;Hodor;Hodor;Hodor;;;;;;;;;x
PROV28;Hodor;Hodor;Hodor;Hodor;Hodor;;;;;;;;;x
PROV29;Hodor;Hodor;Hodor;Hodor;Hodor;;;;;;;;;x
PROV30;Hodor;Hodor;Hodor;Hodor;Hodor;;;;;;;;;x
PROV31;Hodor;Hodor;Hodor;Hodor;Hodor;;;;;;;;;x
PROV32;Hodor;Hodor;Hodor;Hodor;Hodor;;;;;;;;;x
PROV33;Hodor;Hodor;Hodor;Hodor;Hodor;;;;;;;;;x
PROV34;Hodor;Hodor;Hodor;Hodor;Hodor;;;;;;;;;x
PROV35;Hodor;Hodor;Hodor;Hodor;Hodor;;;;;;;;;x
PROV36;Hodor;Hodor;Hodor;Hodor;Hodor;;;;;;;;;x
PROV37;Hodor;Hodor;Hodor;Hodor;Hodor;;;;;;;;;x
PROV38;Hodor;Hodor;Hodor;Hodor;Hodor;;;;;;;;;x
PROV39;Hodor;Hodor;Hodor;Hodor;Hodor;;;;;;;;;x
PROV40;Hodor;Hodor;Hodor;Hodor;Hodor;;;;;;;;;x
PROV41;Hodor;Hodor;Hodor;Hodor;Hodor;;;;;;;;;x
PROV42;Hodor;Hodor;Hodor;Hodor;Hodor;;;;;;;;;x
PROV43;Hodor;Hodor;Hodor;Hodor;Hodor;;;;;;;;;x
PROV44;Hodor;Hodor;Hodor;Hodor;Hodor;;;;;;;;;x
PROV45;Hodor;Hodor;Hodor;Hodor;Hodor;;;;;;;;;x
PROV46;Hodor;Hodor;Hodor;Hodor;Hodor;;;;;;;;;x
PROV47;Hodor;Hodor;Hodor;Hodor;Hodor;;;;;;;;;x
PROV48;Hodor;Hodor;Hodor;Hodor;Hodor;;;;;;;;;x
PROV49;Hodor;Hodor;Hodor;Hodor;Hodor;;;;;;;;;x
PROV50;Hodor;Hodor;Hodor;Hodor;Hodor;;;;;;;;;x
PROV51;Hodor;Hodor;Hodor;Hodor;Hodor;;;;;;;;;x
PROV52;Hodor;Hodor;Hodor;Hodor;Hodor;;;;;;;;;x
PROV53;Hodor;Hodor;Hodor;Hodor;Hodor;;;;;;;;;x
PROV54;Hodor;Hodor;Hodor;Hodor;Hodor;;;;;;;;;x
PROV55;Hodor;Hodor;Hodor;Hodor;Hodor;;;;;;;;;x
PROV56;Hodor;Hodor;Hodor;Hodor;Hodor;;;;;;;;;x
PROV57;Hodor;Hodor;Hodor;Hodor;Hodor;;;;;;;;;x
PROV58;Hodor;Hodor;Hodor;Hodor;Hodor;;;;;;;;;x
PROV59;Hodor;Hodor;Hodor;Hodor;Hodor;;;;;;;;;x
PROV60;Hodor;Hodor;Hodor;Hodor;Hodor;;;;;;;;;x
PROV61;Hodor;Hodor;Hodor;Hodor;Hodor;;;;;;;;;x
PROV62;Hodor;Hodor;Hodor;Hodor;Hodor;;;;;;;;;x
PROV63;Hodor;Hodor;Hodor;Hodor;Hodor;;;;;;;;;x
PROV64;Hodor;Hodor;Hodor;Hodor;Hodor;;;;;;;;;x
PROV65;Hodor;Hodor;Hodor;Hodor;Hodor;;;;;;;;;x
PROV66;Hodor;Hodor;Hodor;Hodor;Hodor;;;;;;;;;x
PROV67;Hodor;Hodor;Hodor;Hodor;Hodor;;;;;;;;;x
PROV68;Hodor;Hodor;Hodor;Hodor;Hodor;;;;;;;;;x
PROV69;Hodor;Hodor;Hodor;Hodor;Hodor;;;;;;;;;x
PROV70;Hodor;Hodor;Hodor;Hodor;Hodor;;;;;;;;;x
PROV71;Hodor;Hodor;Hodor;Hodor;Hodor;;;;;;;;;x
PROV72;Hodor;Hodor;Hodor;Hodor;Hodor;;;;;;;;;x
PROV73;Hodor;Hodor;Hodor;Hodor;Hodor;;;;;;;;;x
PROV74;Hodor;Hodor;Hodor;Hodor;Hodor;;;;;;;;;x
PROV75;Hodor;Hodor;Hodor;Hodor;Hodor;;;;;;;;;x
PROV76;Hodor;Hodor;Hodor;Hodor;Hodor;;;;;;;;;x
PROV77;Hodor;Hodor;Hodor;Hodor;Hodor;;;;;;;;;x
PROV78;Hodor;Hodor;Hodor;Hodor;Hodor;;;;;;;;;x
PROV79;Hodor;Hodor;Hodor;Hodor;Hodor;;;;;;;;;x
PROV80;Hodor;Hodor;Hodor;Hodor;Hodor;;;;;;;;;x
PROV81;Hodor;Hodor;Hodor;Hodor;Hodor;;;;;;;;;x
PROV82;Hodor;Hodor;Hodor;Hodor;Hodor;;;;;;;;;x
PROV83;Hodor;Hodor;Hodor;Hodor;Hodor;;;;;;;;;x
PROV84;Hodor;Hodor;Hodor;Hodor;Hodor;;;;;;;;;x
PROV85;Hodor;Hodor;Hodor;Hodor;Hodor;;;;;;;;;x
PROV86;Hodor;Hodor;Hodor;Hodor;Hodor;;;;;;;;;x
PROV87;Hodor;Hodor;Hodor;Hodor;Hodor;;;;;;;;;x
PROV88;Hodor;Hodor;Hodor;Hodor;Hodor;;;;;;;;;x
PROV89;Hodor;Hodor;Hodor;Hodor;Hodor;;;;;;;;;x
PROV90;Hodor;Hodor;Hodor;Hodor;Hodor;;;;;;;;;x
PROV91;Hodor;Hodor;Hodor;Hodor;Hodor;;;;;;;;;x
PROV92;Hodor;Hodor;Hodor;Hodor;Hodor;;;;;;;;;x
PROV93;Hodor;Hodor;Hodor;Hodor;Hodor;;;;;;;;;x
PROV94;Hodor;Hodor;Hodor;Hodor;Hodor;;;;;;;;;x
PROV95;Hodor;Hodor;Hodor;Hodor;Hodor;;;;;;;;;x
PROV96;Hodor;Hodor;Hodor;Hodor;Hodor;;;;;;;;;x
PROV97;Hodor;Hodor;Hodor;Hodor;Hodor;;;;;;;;;x
PROV98;Hodor;Hodor;Hodor;Hodor;Hodor;;;;;;;;;x
PROV99;Hodor;Hodor;Hodor;Hodor;Hodor;;;;;;;;;x
PROV100;Hodor;Hodor;Hodor;Hodor;Hodor;;;;;;;;;x
PROV101;Hodor;Hodor;Hodor;Hodor;Hodor;;;;;;;;;x
PROV102;Hodor;Hodor;Hodor;Hodor;Hodor;;;;;;;;;x
PROV103;Hodor;Hodor;Hodor;Hodor;Hodor;;;;;;;;;x
PROV104;Hodor;Hodor;Hodor;Hodor;Hodor;;;;;;;;;x
PROV105;Hodor;Hodor;Hodor;Hodor;Hodor;;;;;;;;;x
PROV106;Hodor;Hodor;Hodor;Hodor;Hodor;;;;;;;;;x
PROV107;Hodor;Hodor;Hodor;Hodor;Hodor;;;;;;;;;x
PROV108;Hodor;Hodor;Hodor;Hodor;Hodor;;;;;;;;;x
PROV109;Hodor;Hodor;Hodor;Hodor;Hodor;;;;;;;;;x
PROV110;Hodor;Hodor;Hodor;Hodor;Hodor;;;;;;;;;x
PROV111;Hodor;Hodor;Hodor;Hodor;Hodor;;;;;;;;;x
PROV112;Hodor;Hodor;Hodor;Hodor;Hodor;;;;;;;;;x
PROV113;Hodor;Hodor;Hodor;Hodor;Hodor;;;;;;;;;x
PROV114;Hodor;Hodor;Hodor;Hodor;Hodor;;;;;;;;;x
PROV115;Hodor;Hodor;Hodor;Hodor;Hodor;;;;;;;;;x
PROV116;Hodor;Hodor;Hodor;Hodor;Hodor;;;;;;;;;x
PROV117;Hodor;Hodor;Hodor;Hodor;Hodor;;;;;;;;;x
PROV118;Hodor;Hodor;Hodor;Hodor;Hodor;;;;;;;;;x
PROV119;Hodor;Hodor;Hodor;Hodor;Hodor;;;;;;;;;x
PROV120;Hodor;Hodor;Hodor;Hodor;Hodor;;;;;;;;;x
PROV121;Hodor;Hodor;Hodor;Hodor;Hodor;;;;;;;;;x
PROV122;Hodor;Hodor;Hodor;Hodor;Hodor;;;;;;;;;x
PROV123;Hodor;Hodor;Hodor;Hodor;Hodor;;;;;;;;;x
PROV124;Hodor;Hodor;Hodor;Hodor;Hodor;;;;;;;;;x
PROV125;Hodor;Hodor;Hodor;Hodor;Hodor;;;;;;;;;x
PROV126;Hodor;Hodor;Hodor;Hodor;Hodor;;;;;;;;;x
PROV127;Hodor;Hodor;Hodor;Hodor;Hodor;;;;;;;;;x
PROV128;Hodor;Hodor;Hodor;Hodor;Hodor;;;;;;;;;x
PROV129;Hodor;Hodor;Hodor;Hodor;Hodor;;;;;;;;;x
PROV130;Hodor;Hodor;Hodor;Hodor;Hodor;;;;;;;;;x
PROV131;Hodor;Hodor;Hodor;Hodor;Hodor;;;;;;;;;x
PROV132;Hodor;Hodor;Hodor;Hodor;Hodor;;;;;;;;;x
PROV133;Hodor;Hodor;Hodor;Hodor;Hodor;;;;;;;;;x
PROV134;Hodor;Hodor;Hodor;Hodor;Hodor;;;;;;;;;x
PROV135;Hodor;Hodor;Hodor;Hodor;Hodor;;;;;;;;;x
PROV136;Hodor;Hodor;Hodor;Hodor;Hodor;;;;;;;;;x
PROV137;Hodor;Hodor;Hodor;Hodor;Hodor;;;;;;;;;x
PROV138;Hodor;Hodor;Hodor;Hodor;Hodor;;;;;;;;;x
PROV139;Hodor;Hodor;Hodor;Hodor;Hodor;;;;;;;;;x
PROV140;Hodor;Hodor;Hodor;Hodor;Hodor;;;;;;;;;x
PROV141;Hodor;Hodor;Hodor;Hodor;Hodor;;;;;;;;;x
PROV142;Hodor;Hodor;Hodor;Hodor;Hodor;;;;;;;;;x
PROV143;Hodor;Hodor;Hodor;Hodor;Hodor;;;;;;;;;x
PROV144;Hodor;Hodor;Hodor;Hodor;Hodor;;;;;;;;;x
PROV145;Hodor;Hodor;Hodor;Hodor;Hodor;;;;;;;;;x
PROV146;Hodor;Hodor;Hodor;Hodor;Hodor;;;;;;;;;x
PROV147;Hodor;Hodor;Hodor;Hodor;Hodor;;;;;;;;;x
PROV148;Hodor;Hodor;Hodor;Hodor;Hodor;;;;;;;;;x
PROV149;Hodor;Hodor;Hodor;Hodor;Hodor;;;;;;;;;x
PROV150;Hodor;Hodor;Hodor;Hodor;Hodor;;;;;;;;;x
PROV151;Hodor;Hodor;Hodor;Hodor;Hodor;;;;;;;;;x
PROV152;Hodor;Hodor;Hodor;Hodor;Hodor;;;;;;;;;x
PROV153;Hodor;Hodor;Hodor;Hodor;Hodor;;;;;;;;;x
PROV154;Hodor;Hodor;Hodor;Hodor;Hodor;;;;;;;;;x
PROV155;Hodor;Hodor;Hodor;Hodor;Hodor;;;;;;;;;x
PROV156;Hodor;Hodor;Hodor;Hodor;Hodor;;;;;;;;;x
PROV157;Hodor;Hodor;Hodor;Hodor;Hodor;;;;;;;;;x
PROV158;Hodor;Hodor;Hodor;Hodor;Hodor;;;;;;;;;x
PROV159;Hodor;Hodor;Hodor;Hodor;Hodor;;;;;;;;;x
PROV160;Hodor;Hodor;Hodor;Hodor;Hodor;;;;;;;;;x
PROV161;Hodor;Hodor;Hodor;Hodor;Hodor;;;;;;;;;x
PROV162;Hodor;Hodor;Hodor;Hodor;Hodor;;;;;;;;;x
PROV163;Hodor;Hodor;Hodor;Hodor;Hodor;;;;;;;;;x
PROV164;Hodor;Hodor;Hodor;Hodor;Hodor;;;;;;;;;x
PROV165;Hodor;Hodor;Hodor;Hodor;Hodor;;;;;;;;;x
PROV166;Hodor;Hodor;Hodor;Hodor;Hodor;;;;;;;;;x
PROV167;Hodor;Hodor;Hodor;Hodor;Hodor;;;;;;;;;x
PROV168;Hodor;Hodor;Hodor;Hodor;Hodor;;;;;;;;;x
PROV169;Hodor;Hodor;Hodor;Hodor;Hodor;;;;;;;;;x
PROV170;Hodor;Hodor;Hodor;Hodor;Hodor;;;;;;;;;x
PROV171;Hodor;Hodor;Hodor;Hodor;Hodor;;;;;;;;;x
PROV172;Hodor;Hodor;Hodor;Hodor;Hodor;;;;;;;;;x
PROV173;Hodor;Hodor;Hodor;Hodor;Hodor;;;;;;;;;x
PROV174;Hodor;Hodor;Hodor;Hodor;Hodor;;;;;;;;;x
PROV175;Hodor;Hodor;Hodor;Hodor;Hodor;;;;;;;;;x
PROV176;Hodor;Hodor;Hodor;Hodor;Hodor;;;;;;;;;x
PROV177;Hodor;Hodor;Hodor;Hodor;Hodor;;;;;;;;;x
PROV178;Hodor;Hodor;Hodor;Hodor;Hodor;;;;;;;;;x
PROV179;Hodor;Hodor;Hodor;Hodor;Hodor;;;;;;;;;x
PROV180;Hodor;Hodor;Hodor;Hodor;Hodor;;;;;;;;;x
PROV181;Hodor;Hodor;Hodor;Hodor;Hodor;;;;;;;;;x
PROV182;Hodor;Hodor;Hodor;Hodor;Hodor;;;;;;;;;x
PROV183;Hodor;Hodor;Hodor;Hodor;Hodor;;;;;;;;;x
PROV184;Hodor;Hodor;Hodor;Hodor;Hodor;;;;;;;;;x
PROV185;Hodor;Hodor;Hodor;Hodor;Hodor;;;;;;;;;x
PROV186;Hodor;Hodor;Hodor;Hodor;Hodor;;;;;;;;;x
PROV187;Hodor;Hodor;Hodor;Hodor;Hodor;;;;;;;;;x
PROV188;Hodor;Hodor;Hodor;Hodor;Hodor;;;;;;;;;x
PROV189;Hodor;Hodor;Hodor;Hodor;Hodor;;;;;;;;;x
PROV190;Hodor;Hodor;Hodor;Hodor;Hodor;;;;;;;;;x
PROV191;Hodor;Hodor;Hodor;Hodor;Hodor;;;;;;;;;x
PROV192;Hodor;Hodor;Hodor;Hodor;Hodor;;;;;;;;;x
PROV193;Hodor;Hodor;Hodor;Hodor;Hodor;;;;;;;;;x
PROV194;Hodor;Hodor;Hodor;Hodor;Hodor;;;;;;;;;x
PROV195;Hodor;Hodor;Hodor;Hodor;Hodor;;;;;;;;;x
PROV196;Hodor;Hodor;Hodor;Hodor;Hodor;;;;;;;;;x
PROV197;Hodor;Hodor;Hodor;Hodor;Hodor;;;;;;;;;x
PROV198;Hodor;Hodor;Hodor;Hodor;Hodor;;;;;;;;;x
PROV199;Hodor;Hodor;Hodor;Hodor;Hodor;;;;;;;;;x
PROV200;Hodor;Hodor;Hodor;Hodor;Hodor;;;;;;;;;x
PROV201;Hodor;Hodor;Hodor;Hodor;Hodor;;;;;;;;;x
PROV202;Hodor;Hodor;Hodor;Hodor;Hodor;;;;;;;;;x
PROV203;Hodor;Hodor;Hodor;Hodor;Hodor;;;;;;;;;x
PROV204;Hodor;Hodor;Hodor;Hodor;Hodor;;;;;;;;;x
PROV205;Hodor;Hodor;Hodor;Hodor;Hodor;;;;;;;;;x
PROV206;Hodor;Hodor;Hodor;Hodor;Hodor;;;;;;;;;x
PROV207;Hodor;Hodor;Hodor;Hodor;Hodor;;;;;;;;;x
PROV208;Hodor;Hodor;Hodor;Hodor;Hodor;;;;;;;;;x
PROV209;Hodor;Hodor;Hodor;Hodor;Hodor;;;;;;;;;x
PROV210;Hodor;Hodor;Hodor;Hodor;Hodor;;;;;;;;;x
PROV211;Hodor;Hodor;Hodor;Hodor;Hodor;;;;;;;;;x
PROV212;Hodor;Hodor;Hodor;Hodor;Hodor;;;;;;;;;x
PROV213;Hodor;Hodor;Hodor;Hodor;Hodor;;;;;;;;;x
PROV214;Hodor;Hodor;Hodor;Hodor;Hodor;;;;;;;;;x
PROV215;Hodor;Hodor;Hodor;Hodor;Hodor;;;;;;;;;x
PROV216;Hodor;Hodor;Hodor;Hodor;Hodor;;;;;;;;;x
PROV217;Hodor;Hodor;Hodor;Hodor;Hodor;;;;;;;;;x
PROV218;Hodor;Hodor;Hodor;Hodor;Hodor;;;;;;;;;x
PROV219;Hodor;Hodor;Hodor;Hodor;Hodor;;;;;;;;;x
PROV220;Hodor;Hodor;Hodor;Hodor;Hodor;;;;;;;;;x
PROV221;Hodor;Hodor;Hodor;Hodor;Hodor;;;;;;;;;x
PROV222;Hodor;Hodor;Hodor;Hodor;Hodor;;;;;;;;;x
PROV223;Hodor;Hodor;Hodor;Hodor;Hodor;;;;;;;;;x
PROV224;Hodor;Hodor;Hodor;Hodor;Hodor;;;;;;;;;x
PROV225;Hodor;Hodor;Hodor;Hodor;Hodor;;;;;;;;;x
PROV226;Hodor;Hodor;Hodor;Hodor;Hodor;;;;;;;;;x
PROV227;Hodor;Hodor;Hodor;Hodor;Hodor;;;;;;;;;x
PROV228;Hodor;Hodor;Hodor;Hodor;Hodor;;;;;;;;;x
PROV229;Hodor;Hodor;Hodor;Hodor;Hodor;;;;;;;;;x
PROV230;Hodor;Hodor;Hodor;Hodor;Hodor;;;;;;;;;x
PROV231;Hodor;Hodor;Hodor;Hodor;Hodor;;;;;;;;;x
PROV232;Hodor;Hodor;Hodor;Hodor;Hodor;;;;;;;;;x
PROV233;Hodor;Hodor;Hodor;Hodor;Hodor;;;;;;;;;x
PROV234;Hodor;Hodor;Hodor;Hodor;Hodor;;;;;;;;;x
PROV235;Hodor;Hodor;Hodor;Hodor;Hodor;;;;;;;;;x
PROV236;Hodor;Hodor;Hodor;Hodor;Hodor;;;;;;;;;x
PROV237;Hodor;Hodor;Hodor;Hodor;Hodor;;;;;;;;;x
PROV238;Hodor;Hodor;Hodor;Hodor;Hodor;;;;;;;;;x
PROV239;Hodor;Hodor;Hodor;Hodor;Hodor;;;;;;;;;x
PROV240;Hodor;Hodor;Hodor;Hodor;Hodor;;;;;;;;;x
PROV241;Hodor;Hodor;Hodor;Hodor;Hodor;;;;;;;;;x
PROV242;Hodor;Hodor;Hodor;Hodor;Hodor;;;;;;;;;x
PROV243;Hodor;Hodor;Hodor;Hodor;Hodor;;;;;;;;;x
PROV244;Hodor;Hodor;Hodor;Hodor;Hodor;;;;;;;;;x
PROV245;Hodor;Hodor;Hodor;Hodor;Hodor;;;;;;;;;x
PROV246;Hodor;Hodor;Hodor;Hodor;Hodor;;;;;;;;;x
PROV247;Hodor;Hodor;Hodor;Hodor;Hodor;;;;;;;;;x
PROV248;Hodor;Hodor;Hodor;Hodor;Hodor;;;;;;;;;x
PROV249;Hodor;Hodor;Hodor;Hodor;Hodor;;;;;;;;;x
PROV250;Hodor;Hodor;Hodor;Hodor;Hodor;;;;;;;;;x
PROV251;Hodor;Hodor;Hodor;Hodor;Hodor;;;;;;;;;x
PROV252;Hodor;Hodor;Hodor;Hodor;Hodor;;;;;;;;;x
PROV253;Hodor;Hodor;Hodor;Hodor;Hodor;;;;;;;;;x
PROV254;Hodor;Hodor;Hodor;Hodor;Hodor;;;;;;;;;x
PROV255;Hodor;Hodor;Hodor;Hodor;Hodor;;;;;;;;;x
PROV256;Hodor;Hodor;Hodor;Hodor;Hodor;;;;;;;;;x
PROV257;Hodor;Hodor;Hodor;Hodor;Hodor;;;;;;;;;x
PROV258;Hodor;Hodor;Hodor;Hodor;Hodor;;;;;;;;;x
PROV259;Hodor;Hodor;Hodor;Hodor;Hodor;;;;;;;;;x
PROV260;Hodor;Hodor;Hodor;Hodor;Hodor;;;;;;;;;x
PROV261;Hodor;Hodor;Hodor;Hodor;Hodor;;;;;;;;;x
PROV262;Hodor;Hodor;Hodor;Hodor;Hodor;;;;;;;;;x
PROV263;Hodor;Hodor;Hodor;Hodor;Hodor;;;;;;;;;x
PROV264;Hodor;Hodor;Hodor;Hodor;Hodor;;;;;;;;;x
PROV265;Hodor;Hodor;Hodor;Hodor;Hodor;;;;;;;;;x
PROV266;Hodor;Hodor;Hodor;Hodor;Hodor;;;;;;;;;x
PROV267;Hodor;Hodor;Hodor;Hodor;Hodor;;;;;;;;;x
PROV268;Hodor;Hodor;Hodor;Hodor;Hodor;;;;;;;;;x
PROV269;Hodor;Hodor;Hodor;Hodor;Hodor;;;;;;;;;x
PROV270;Hodor;Hodor;Hodor;Hodor;Hodor;;;;;;;;;x
PROV271;Hodor;Hodor;Hodor;Hodor;Hodor;;;;;;;;;x
PROV272;Hodor;Hodor;Hodor;Hodor;Hodor;;;;;;;;;x
PROV273;Hodor;Hodor;Hodor;Hodor;Hodor;;;;;;;;;x
PROV274;Hodor;Hodor;Hodor;Hodor;Hodor;;;;;;;;;x
PROV275;Hodor;Hodor;Hodor;Hodor;Hodor;;;;;;;;;x
PROV276;Hodor;Hodor;Hodor;Hodor;Hodor;;;;;;;;;x
PROV277;Hodor;Hodor;Hodor;Hodor;Hodor;;;;;;;;;x
PROV278;Hodor;Hodor;Hodor;Hodor;Hodor;;;;;;;;;x
PROV279;Hodor;Hodor;Hodor;Hodor;Hodor;;;;;;;;;x
PROV280;Hodor;Hodor;Hodor;Hodor;Hodor;;;;;;;;;x
PROV281;Hodor;Hodor;Hodor;Hodor;Hodor;;;;;;;;;x
PROV282;Hodor;Hodor;Hodor;Hodor;Hodor;;;;;;;;;x
PROV283;Hodor;Hodor;Hodor;Hodor;Hodor;;;;;;;;;x
PROV284;Hodor;Hodor;Hodor;Hodor;Hodor;;;;;;;;;x
PROV285;Hodor;Hodor;Hodor;Hodor;Hodor;;;;;;;;;x
PROV286;Hodor;Hodor;Hodor;Hodor;Hodor;;;;;;;;;x
PROV287;Hodor;Hodor;Hodor;Hodor;Hodor;;;;;;;;;x
PROV288;Hodor;Hodor;Hodor;Hodor;Hodor;;;;;;;;;x
PROV289;Hodor;Hodor;Hodor;Hodor;Hodor;;;;;;;;;x
PROV290;Hodor;Hodor;Hodor;Hodor;Hodor;;;;;;;;;x
PROV291;Hodor;Hodor;Hodor;Hodor;Hodor;;;;;;;;;x
PROV292;Hodor;Hodor;Hodor;Hodor;Hodor;;;;;;;;;x
PROV293;Hodor;Hodor;Hodor;Hodor;Hodor;;;;;;;;;x
PROV294;Hodor;Hodor;Hodor;Hodor;Hodor;;;;;;;;;x
PROV295;Hodor;Hodor;Hodor;Hodor;Hodor;;;;;;;;;x
PROV296;Hodor;Hodor;Hodor;Hodor;Hodor;;;;;;;;;x
PROV297;Hodor;Hodor;Hodor;Hodor;Hodor;;;;;;;;;x
PROV298;Hodor;Hodor;Hodor;Hodor;Hodor;;;;;;;;;x
PROV299;Hodor;Hodor;Hodor;Hodor;Hodor;;;;;;;;;x
PROV300;Hodor;Hodor;Hodor;Hodor;Hodor;;;;;;;;;x
PROV301;Hodor;Hodor;Hodor;Hodor;Hodor;;;;;;;;;x
PROV302;Hodor;Hodor;Hodor;Hodor;Hodor;;;;;;;;;x
PROV303;Hodor;Hodor;Hodor;Hodor;Hodor;;;;;;;;;x
PROV304;Hodor;Hodor;Hodor;Hodor;Hodor;;;;;;;;;x
PROV305;Hodor;Hodor;Hodor;Hodor;Hodor;;;;;;;;;x
PROV306;Hodor;Hodor;Hodor;Hodor;Hodor;;;;;;;;;x
PROV307;Hodor;Hodor;Hodor;Hodor;Hodor;;;;;;;;;x
PROV308;Hodor;Hodor;Hodor;Hodor;Hodor;;;;;;;;;x
PROV309;Hodor;Hodor;Hodor;Hodor;Hodor;;;;;;;;;x
PROV310;Hodor;Hodor;Hodor;Hodor;Hodor;;;;;;;;;x
PROV311;Hodor;Hodor;Hodor;Hodor;Hodor;;;;;;;;;x
PROV312;Hodor;Hodor;Hodor;Hodor;Hodor;;;;;;;;;x
PROV313;Hodor;Hodor;Hodor;Hodor;Hodor;;;;;;;;;x
PROV314;Hodor;Hodor;Hodor;Hodor;Hodor;;;;;;;;;x
PROV315;Hodor;Hodor;Hodor;Hodor;Hodor;;;;;;;;;x
PROV316;Hodor;Hodor;Hodor;Hodor;Hodor;;;;;;;;;x
PROV317;Hodor;Hodor;Hodor;Hodor;Hodor;;;;;;;;;x
PROV318;Hodor;Hodor;Hodor;Hodor;Hodor;;;;;;;;;x
PROV319;Hodor;Hodor;Hodor;Hodor;Hodor;;;;;;;;;x
PROV320;Hodor;Hodor;Hodor;Hodor;Hodor;;;;;;;;;x
PROV321;Hodor;Hodor;Hodor;Hodor;Hodor;;;;;;;;;x
PROV322;Hodor;Hodor;Hodor;Hodor;Hodor;;;;;;;;;x
PROV323;Hodor;Hodor;Hodor;Hodor;Hodor;;;;;;;;;x
PROV324;Hodor;Hodor;Hodor;Hodor;Hodor;;;;;;;;;x
PROV325;Hodor;Hodor;Hodor;Hodor;Hodor;;;;;;;;;x
PROV326;Hodor;Hodor;Hodor;Hodor;Hodor;;;;;;;;;x
PROV327;Hodor;Hodor;Hodor;Hodor;Hodor;;;;;;;;;x
PROV328;Hodor;Hodor;Hodor;Hodor;Hodor;;;;;;;;;x
PROV329;Hodor;Hodor;Hodor;Hodor;Hodor;;;;;;;;;x
PROV330;Hodor;Hodor;Hodor;Hodor;Hodor;;;;;;;;;x
PROV331;Hodor;Hodor;Hodor;Hodor;Hodor;;;;;;;;;x
PROV332;Hodor;Hodor;Hodor;Hodor;Hodor;;;;;;;;;x
PROV333;Hodor;Hodor;Hodor;Hodor;Hodor;;;;;;;;;x
PROV334;Hodor;Hodor;Hodor;Hodor;Hodor;;;;;;;;;x
PROV335;Hodor;Hodor;Hodor;Hodor;Hodor;;;;;;;;;x
PROV336;Hodor;Hodor;Hodor;Hodor;Hodor;;;;;;;;;x
PROV337;Hodor;Hodor;Hodor;Hodor;Hodor;;;;;;;;;x
PROV338;Hodor;Hodor;Hodor;Hodor;Hodor;;;;;;;;;x
PROV339;Hodor;Hodor;Hodor;Hodor;Hodor;;;;;;;;;x
PROV340;Hodor;Hodor;Hodor;Hodor;Hodor;;;;;;;;;x
PROV341;Hodor;Hodor;Hodor;Hodor;Hodor;;;;;;;;;x
PROV342;Hodor;Hodor;Hodor;Hodor;Hodor;;;;;;;;;x
PROV343;Hodor;Hodor;Hodor;Hodor;Hodor;;;;;;;;;x
PROV344;Hodor;Hodor;Hodor;Hodor;Hodor;;;;;;;;;x
PROV345;Hodor;Hodor;Hodor;Hodor;Hodor;;;;;;;;;x
PROV346;Hodor;Hodor;Hodor;Hodor;Hodor;;;;;;;;;x
PROV347;Hodor;Hodor;Hodor;Hodor;Hodor;;;;;;;;;x
PROV348;Hodor;Hodor;Hodor;Hodor;Hodor;;;;;;;;;x
PROV349;Hodor;Hodor;Hodor;Hodor;Hodor;;;;;;;;;x
PROV350;Hodor;Hodor;Hodor;Hodor;Hodor;;;;;;;;;x
PROV351;Hodor;Hodor;Hodor;Hodor;Hodor;;;;;;;;;x
PROV352;Hodor;Hodor;Hodor;Hodor;Hodor;;;;;;;;;x
PROV353;Hodor;Hodor;Hodor;Hodor;Hodor;;;;;;;;;x
PROV354;Hodor;Hodor;Hodor;Hodor;Hodor;;;;;;;;;x
PROV355;Hodor;Hodor;Hodor;Hodor;Hodor;;;;;;;;;x
PROV356;Hodor;Hodor;Hodor;Hodor;Hodor;;;;;;;;;x
PROV357;Hodor;Hodor;Hodor;Hodor;Hodor;;;;;;;;;x
PROV358;Hodor;Hodor;Hodor;Hodor;Hodor;;;;;;;;;x
PROV359;Hodor;Hodor;Hodor;Hodor;Hodor;;;;;;;;;x
PROV360;Hodor;Hodor;Hodor;Hodor;Hodor;;;;;;;;;x
PROV361;Hodor;Hodor;Hodor;Hodor;Hodor;;;;;;;;;x
PROV362;Hodor;Hodor;Hodor;Hodor;Hodor;;;;;;;;;x
PROV363;Hodor;Hodor;Hodor;Hodor;Hodor;;;;;;;;;x
PROV364;Hodor;Hodor;Hodor;Hodor;Hodor;;;;;;;;;x
PROV365;Hodor;Hodor;Hodor;Hodor;Hodor;;;;;;;;;x
PROV366;Hodor;Hodor;Hodor;Hodor;Hodor;;;;;;;;;x
PROV367;Hodor;Hodor;Hodor;Hodor;Hodor;;;;;;;;;x
PROV368;Hodor;Hodor;Hodor;Hodor;Hodor;;;;;;;;;x
PROV369;Hodor;Hodor;Hodor;Hodor;Hodor;;;;;;;;;x
PROV370;Hodor;Hodor;Hodor;Hodor;Hodor;;;;;;;;;x
PROV371;Hodor;Hodor;Hodor;Hodor;Hodor;;;;;;;;;x
PROV372;Hodor;Hodor;Hodor;Hodor;Hodor;;;;;;;;;x
PROV373;Hodor;Hodor;Hodor;Hodor;Hodor;;;;;;;;;x
PROV374;Hodor;Hodor;Hodor;Hodor;Hodor;;;;;;;;;x
PROV375;Hodor;Hodor;Hodor;Hodor;Hodor;;;;;;;;;x
PROV376;Hodor;Hodor;Hodor;Hodor;Hodor;;;;;;;;;x
PROV377;Hodor;Hodor;Hodor;Hodor;Hodor;;;;;;;;;x
PROV378;Hodor;Hodor;Hodor;Hodor;Hodor;;;;;;;;;x
PROV379;Hodor;Hodor;Hodor;Hodor;Hodor;;;;;;;;;x
PROV380;Hodor;Hodor;Hodor;Hodor;Hodor;;;;;;;;;x
PROV381;Hodor;Hodor;Hodor;Hodor;Hodor;;;;;;;;;x
PROV382;Hodor;Hodor;Hodor;Hodor;Hodor;;;;;;;;;x
PROV383;Hodor;Hodor;Hodor;Hodor;Hodor;;;;;;;;;x
PROV384;Hodor;Hodor;Hodor;Hodor;Hodor;;;;;;;;;x
PROV385;Hodor;Hodor;Hodor;Hodor;Hodor;;;;;;;;;x
PROV386;Hodor;Hodor;Hodor;Hodor;Hodor;;;;;;;;;x
PROV387;Hodor;Hodor;Hodor;Hodor;Hodor;;;;;;;;;x
PROV388;Hodor;Hodor;Hodor;Hodor;Hodor;;;;;;;;;x
PROV389;Hodor;Hodor;Hodor;Hodor;Hodor;;;;;;;;;x
PROV390;Hodor;Hodor;Hodor;Hodor;Hodor;;;;;;;;;x
PROV391;Hodor;Hodor;Hodor;Hodor;Hodor;;;;;;;;;x
PROV392;Hodor;Hodor;Hodor;Hodor;Hodor;;;;;;;;;x
PROV393;Hodor;Hodor;Hodor;Hodor;Hodor;;;;;;;;;x
PROV394;Hodor;Hodor;Hodor;Hodor;Hodor;;;;;;;;;x
PROV395;Hodor;Hodor;Hodor;Hodor;Hodor;;;;;;;;;x
PROV396;Hodor;Hodor;Hodor;Hodor;Hodor;;;;;;;;;x
PROV397;Hodor;Hodor;Hodor;Hodor;Hodor;;;;;;;;;x
PROV398;Hodor;Hodor;Hodor;Hodor;Hodor;;;;;;;;;x
PROV399;Hodor;Hodor;Hodor;Hodor;Hodor;;;;;;;;;x
PROV400;Hodor;Hodor;Hodor;Hodor;Hodor;;;;;;;;;x
PROV401;Hodor;Hodor;Hodor;Hodor;Hodor;;;;;;;;;x
PROV402;Hodor;Hodor;Hodor;Hodor;Hodor;;;;;;;;;x
PROV403;Hodor;Hodor;Hodor;Hodor;Hodor;;;;;;;;;x
PROV404;Hodor;Hodor;Hodor;Hodor;Hodor;;;;;;;;;x
PROV405;Hodor;Hodor;Hodor;Hodor;Hodor;;;;;;;;;x
PROV406;Hodor;Hodor;Hodor;Hodor;Hodor;;;;;;;;;x
PROV407;Hodor;Hodor;Hodor;Hodor;Hodor;;;;;;;;;x
PROV408;Hodor;Hodor;Hodor;Hodor;Hodor;;;;;;;;;x
PROV409;Hodor;Hodor;Hodor;Hodor;Hodor;;;;;;;;;x
PROV410;Hodor;Hodor;Hodor;Hodor;Hodor;;;;;;;;;x
PROV411;Hodor;Hodor;Hodor;Hodor;Hodor;;;;;;;;;x
PROV412;Hodor;Hodor;Hodor;Hodor;Hodor;;;;;;;;;x
PROV413;Hodor;Hodor;Hodor;Hodor;Hodor;;;;;;;;;x
PROV414;Hodor;Hodor;Hodor;Hodor;Hodor;;;;;;;;;x
PROV415;Hodor;Hodor;Hodor;Hodor;Hodor;;;;;;;;;x
PROV416;Hodor;Hodor;Hodor;Hodor;Hodor;;;;;;;;;x
PROV417;Hodor;Hodor;Hodor;Hodor;Hodor;;;;;;;;;x
PROV418;Hodor;Hodor;Hodor;Hodor;Hodor;;;;;;;;;x
PROV419;Hodor;Hodor;Hodor;Hodor;Hodor;;;;;;;;;x
PROV420;Hodor;Hodor;Hodor;Hodor;Hodor;;;;;;;;;x
PROV421;Hodor;Hodor;Hodor;Hodor;Hodor;;;;;;;;;x
PROV422;Hodor;Hodor;Hodor;Hodor;Hodor;;;;;;;;;x
PROV423;Hodor;Hodor;Hodor;Hodor;Hodor;;;;;;;;;x
PROV424;Hodor;Hodor;Hodor;Hodor;Hodor;;;;;;;;;x
PROV425;Hodor;Hodor;Hodor;Hodor;Hodor;;;;;;;;;x
PROV426;Hodor;Hodor;Hodor;Hodor;Hodor;;;;;;;;;x
PROV427;Hodor;Hodor;Hodor;Hodor;Hodor;;;;;;;;;x
PROV428;Hodor;Hodor;Hodor;Hodor;Hodor;;;;;;;;;x
PROV429;Hodor;Hodor;Hodor;Hodor;Hodor;;;;;;;;;x
PROV430;Hodor;Hodor;Hodor;Hodor;Hodor;;;;;;;;;x
PROV431;Hodor;Hodor;Hodor;Hodor;Hodor;;;;;;;;;x
PROV432;Hodor;Hodor;Hodor;Hodor;Hodor;;;;;;;;;x
PROV433;Hodor;Hodor;Hodor;Hodor;Hodor;;;;;;;;;x
PROV434;Hodor;Hodor;Hodor;Hodor;Hodor;;;;;;;;;x
PROV435;Hodor;Hodor;Hodor;Hodor;Hodor;;;;;;;;;x
PROV436;Hodor;Hodor;Hodor;Hodor;Hodor;;;;;;;;;x
PROV437;Hodor;Hodor;Hodor;Hodor;Hodor;;;;;;;;;x
PROV438;Hodor;Hodor;Hodor;Hodor;Hodor;;;;;;;;;x
PROV439;Hodor;Hodor;Hodor;Hodor;Hodor;;;;;;;;;x
PROV440;Hodor;Hodor;Hodor;Hodor;Hodor;;;;;;;;;x
PROV441;Hodor;Hodor;Hodor;Hodor;Hodor;;;;;;;;;x
PROV442;Hodor;Hodor;Hodor;Hodor;Hodor;;;;;;;;;x
PROV443;Hodor;Hodor;Hodor;Hodor;Hodor;;;;;;;;;x
PROV444;Hodor;Hodor;Hodor;Hodor;Hodor;;;;;;;;;x
PROV445;Hodor;Hodor;Hodor;Hodor;Hodor;;;;;;;;;x
PROV446;Hodor;Hodor;Hodor;Hodor;Hodor;;;;;;;;;x
PROV447;Hodor;Hodor;Hodor;Hodor;Hodor;;;;;;;;;x
PROV448;Hodor;Hodor;Hodor;Hodor;Hodor;;;;;;;;;x
PROV449;Hodor;Hodor;Hodor;Hodor;Hodor;;;;;;;;;x
PROV450;Hodor;Hodor;Hodor;Hodor;Hodor;;;;;;;;;x
PROV451;Hodor;Hodor;Hodor;Hodor;Hodor;;;;;;;;;x
PROV452;Hodor;Hodor;Hodor;Hodor;Hodor;;;;;;;;;x
PROV453;Hodor;Hodor;Hodor;Hodor;Hodor;;;;;;;;;x
PROV454;Hodor;Hodor;Hodor;Hodor;Hodor;;;;;;;;;x
PROV455;Hodor;Hodor;Hodor;Hodor;Hodor;;;;;;;;;x
PROV456;Hodor;Hodor;Hodor;Hodor;Hodor;;;;;;;;;x
PROV457;Hodor;Hodor;Hodor;Hodor;Hodor;;;;;;;;;x
PROV458;Hodor;Hodor;Hodor;Hodor;Hodor;;;;;;;;;x
PROV459;Hodor;Hodor;Hodor;Hodor;Hodor;;;;;;;;;x
PROV460;Hodor;Hodor;Hodor;Hodor;Hodor;;;;;;;;;x
PROV461;Hodor;Hodor;Hodor;Hodor;Hodor;;;;;;;;;x
PROV462;Hodor;Hodor;Hodor;Hodor;Hodor;;;;;;;;;x
PROV463;Hodor;Hodor;Hodor;Hodor;Hodor;;;;;;;;;x
PROV464;Hodor;Hodor;Hodor;Hodor;Hodor;;;;;;;;;x
PROV465;Hodor;Hodor;Hodor;Hodor;Hodor;;;;;;;;;x
PROV466;Hodor;Hodor;Hodor;Hodor;Hodor;;;;;;;;;x
PROV467;Hodor;Hodor;Hodor;Hodor;Hodor;;;;;;;;;x
PROV468;Hodor;Hodor;Hodor;Hodor;Hodor;;;;;;;;;x
PROV469;Hodor;Hodor;Hodor;Hodor;Hodor;;;;;;;;;x
PROV470;Hodor;Hodor;Hodor;Hodor;Hodor;;;;;;;;;x
PROV471;Hodor;Hodor;Hodor;Hodor;Hodor;;;;;;;;;x
PROV472;Hodor;Hodor;Hodor;Hodor;Hodor;;;;;;;;;x
PROV473;Hodor;Hodor;Hodor;Hodor;Hodor;;;;;;;;;x
PROV474;Hodor;Hodor;Hodor;Hodor;Hodor;;;;;;;;;x
PROV475;Hodor;Hodor;Hodor;Hodor;Hodor;;;;;;;;;x
PROV476;Hodor;Hodor;Hodor;Hodor;Hodor;;;;;;;;;x
PROV477;Hodor;Hodor;Hodor;Hodor;Hodor;;;;;;;;;x
PROV478;Hodor;Hodor;Hodor;Hodor;Hodor;;;;;;;;;x
PROV479;Hodor;Hodor;Hodor;Hodor;Hodor;;;;;;;;;x
PROV480;Hodor;Hodor;Hodor;Hodor;Hodor;;;;;;;;;x
PROV481;Hodor;Hodor;Hodor;Hodor;Hodor;;;;;;;;;x
PROV482;Hodor;Hodor;Hodor;Hodor;Hodor;;;;;;;;;x
PROV483;Hodor;Hodor;Hodor;Hodor;Hodor;;;;;;;;;x
PROV484;Hodor;Hodor;Hodor;Hodor;Hodor;;;;;;;;;x
PROV485;Hodor;Hodor;Hodor;Hodor;Hodor;;;;;;;;;x
PROV486;Hodor;Hodor;Hodor;Hodor;Hodor;;;;;;;;;x
PROV487;Hodor;Hodor;Hodor;Hodor;Hodor;;;;;;;;;x
PROV488;Hodor;Hodor;Hodor;Hodor;Hodor;;;;;;;;;x
PROV489;Hodor;Hodor;Hodor;Hodor;Hodor;;;;;;;;;x
PROV490;Hodor;Hodor;Hodor;Hodor;Hodor;;;;;;;;;x
PROV491;Hodor;Hodor;Hodor;Hodor;Hodor;;;;;;;;;x
PROV492;Hodor;Hodor;Hodor;Hodor;Hodor;;;;;;;;;x
PROV493;Hodor;Hodor;Hodor;Hodor;Hodor;;;;;;;;;x
PROV494;Hodor;Hodor;Hodor;Hodor;Hodor;;;;;;;;;x
PROV495;Hodor;Hodor;Hodor;Hodor;Hodor;;;;;;;;;x
PROV496;Hodor;Hodor;Hodor;Hodor;Hodor;;;;;;;;;x
PROV497;Hodor;Hodor;Hodor;Hodor;Hodor;;;;;;;;;x
PROV498;Hodor;Hodor;Hodor;Hodor;Hodor;;;;;;;;;x
PROV499;Hodor;Hodor;Hodor;Hodor;Hodor;;;;;;;;;x
PROV500;Hodor;Hodor;Hodor;Hodor;Hodor;;;;;;;;;x
PROV501;Hodor;Hodor;Hodor;Hodor;Hodor;;;;;;;;;x
PROV502;Hodor;Hodor;Hodor;Hodor;Hodor;;;;;;;;;x
PROV503;Hodor;Hodor;Hodor;Hodor;Hodor;;;;;;;;;x
PROV504;Hodor;Hodor;Hodor;Hodor;Hodor;;;;;;;;;x
PROV505;Hodor;Hodor;Hodor;Hodor;Hodor;;;;;;;;;x
PROV506;Hodor;Hodor;Hodor;Hodor;Hodor;;;;;;;;;x
PROV507;Hodor;Hodor;Hodor;Hodor;Hodor;;;;;;;;;x
PROV508;Hodor;Hodor;Hodor;Hodor;Hodor;;;;;;;;;x
PROV509;Hodor;Hodor;Hodor;Hodor;Hodor;;;;;;;;;x
PROV510;Hodor;Hodor;Hodor;Hodor;Hodor;;;;;;;;;x
PROV511;Hodor;Hodor;Hodor;Hodor;Hodor;;;;;;;;;x
PROV512;Hodor;Hodor;Hodor;Hodor;Hodor;;;;;;;;;x
PROV513;Hodor;Hodor;Hodor;Hodor;Hodor;;;;;;;;;x
PROV514;Hodor;Hodor;Hodor;Hodor;Hodor;;;;;;;;;x
PROV515;Hodor;Hodor;Hodor;Hodor;Hodor;;;;;;;;;x
PROV516;Hodor;Hodor;Hodor;Hodor;Hodor;;;;;;;;;x
PROV517;Hodor;Hodor;Hodor;Hodor;Hodor;;;;;;;;;x
PROV518;Hodor;Hodor;Hodor;Hodor;Hodor;;;;;;;;;x
PROV519;Hodor;Hodor;Hodor;Hodor;Hodor;;;;;;;;;x
PROV520;Hodor;Hodor;Hodor;Hodor;Hodor;;;;;;;;;x
PROV521;Hodor;Hodor;Hodor;Hodor;Hodor;;;;;;;;;x
PROV522;Hodor;Hodor;Hodor;Hodor;Hodor;;;;;;;;;x
PROV523;Hodor;Hodor;Hodor;Hodor;Hodor;;;;;;;;;x
PROV524;Hodor;Hodor;Hodor;Hodor;Hodor;;;;;;;;;x
PROV525;Hodor;Hodor;Hodor;Hodor;Hodor;;;;;;;;;x
PROV526;Hodor;Hodor;Hodor;Hodor;Hodor;;;;;;;;;x
PROV527;Hodor;Hodor;Hodor;Hodor;Hodor;;;;;;;;;x
PROV528;Hodor;Hodor;Hodor;Hodor;Hodor;;;;;;;;;x
PROV529;Hodor;Hodor;Hodor;Hodor;Hodor;;;;;;;;;x
PROV530;Hodor;Hodor;Hodor;Hodor;Hodor;;;;;;;;;x
PROV531;Hodor;Hodor;Hodor;Hodor;Hodor;;;;;;;;;x
PROV532;Hodor;Hodor;Hodor;Hodor;Hodor;;;;;;;;;x
PROV533;Hodor;Hodor;Hodor;Hodor;Hodor;;;;;;;;;x
PROV534;Hodor;Hodor;Hodor;Hodor;Hodor;;;;;;;;;x
PROV535;Hodor;Hodor;Hodor;Hodor;Hodor;;;;;;;;;x
PROV536;Hodor;Hodor;Hodor;Hodor;Hodor;;;;;;;;;x
PROV537;Hodor;Hodor;Hodor;Hodor;Hodor;;;;;;;;;x
PROV538;Hodor;Hodor;Hodor;Hodor;Hodor;;;;;;;;;x
PROV539;Hodor;Hodor;Hodor;Hodor;Hodor;;;;;;;;;x
PROV540;Hodor;Hodor;Hodor;Hodor;Hodor;;;;;;;;;x
PROV541;Hodor;Hodor;Hodor;Hodor;Hodor;;;;;;;;;x
PROV542;Hodor;Hodor;Hodor;Hodor;Hodor;;;;;;;;;x
PROV543;Hodor;Hodor;Hodor;Hodor;Hodor;;;;;;;;;x
PROV544;Hodor;Hodor;Hodor;Hodor;Hodor;;;;;;;;;x
PROV545;Hodor;Hodor;Hodor;Hodor;Hodor;;;;;;;;;x
PROV546;Hodor;Hodor;Hodor;Hodor;Hodor;;;;;;;;;x
PROV547;Hodor;Hodor;Hodor;Hodor;Hodor;;;;;;;;;x
PROV548;Hodor;Hodor;Hodor;Hodor;Hodor;;;;;;;;;x
PROV549;Hodor;Hodor;Hodor;Hodor;Hodor;;;;;;;;;x
PROV550;Hodor;Hodor;Hodor;Hodor;Hodor;;;;;;;;;x
PROV551;Hodor;Hodor;Hodor;Hodor;Hodor;;;;;;;;;x
PROV552;Hodor;Hodor;Hodor;Hodor;Hodor;;;;;;;;;x
PROV553;Hodor;Hodor;Hodor;Hodor;Hodor;;;;;;;;;x
PROV554;Hodor;Hodor;Hodor;Hodor;Hodor;;;;;;;;;x
PROV555;Hodor;Hodor;Hodor;Hodor;Hodor;;;;;;;;;x
PROV556;Hodor;Hodor;Hodor;Hodor;Hodor;;;;;;;;;x
PROV557;Hodor;Hodor;Hodor;Hodor;Hodor;;;;;;;;;x
PROV558;Hodor;Hodor;Hodor;Hodor;Hodor;;;;;;;;;x
PROV559;Hodor;Hodor;Hodor;Hodor;Hodor;;;;;;;;;x
PROV560;Hodor;Hodor;Hodor;Hodor;Hodor;;;;;;;;;x
PROV561;Hodor;Hodor;Hodor;Hodor;Hodor;;;;;;;;;x
PROV562;Hodor;Hodor;Hodor;Hodor;Hodor;;;;;;;;;x
PROV563;Hodor;Hodor;Hodor;Hodor;Hodor;;;;;;;;;x
PROV564;Hodor;Hodor;Hodor;Hodor;Hodor;;;;;;;;;x
PROV565;Hodor;Hodor;Hodor;Hodor;Hodor;;;;;;;;;x
PROV566;Hodor;Hodor;Hodor;Hodor;Hodor;;;;;;;;;x
PROV567;Hodor;Hodor;Hodor;Hodor;Hodor;;;;;;;;;x
PROV568;Hodor;Hodor;Hodor;Hodor;Hodor;;;;;;;;;x
PROV569;Hodor;Hodor;Hodor;Hodor;Hodor;;;;;;;;;x
PROV570;Hodor;Hodor;Hodor;Hodor;Hodor;;;;;;;;;x
PROV571;Hodor;Hodor;Hodor;Hodor;Hodor;;;;;;;;;x
PROV572;Hodor;Hodor;Hodor;Hodor;Hodor;;;;;;;;;x
PROV573;Hodor;Hodor;Hodor;Hodor;Hodor;;;;;;;;;x
PROV574;Hodor;Hodor;Hodor;Hodor;Hodor;;;;;;;;;x
PROV575;Hodor;Hodor;Hodor;Hodor;Hodor;;;;;;;;;x
PROV576;Hodor;Hodor;Hodor;Hodor;Hodor;;;;;;;;;x
PROV577;Hodor;Hodor;Hodor;Hodor;Hodor;;;;;;;;;x
PROV578;Hodor;Hodor;Hodor;Hodor;Hodor;;;;;;;;;x
PROV579;Hodor;Hodor;Hodor;Hodor;Hodor;;;;;;;;;x
PROV580;Hodor;Hodor;Hodor;Hodor;Hodor;;;;;;;;;x
PROV581;Hodor;Hodor;Hodor;Hodor;Hodor;;;;;;;;;x
PROV582;Hodor;Hodor;Hodor;Hodor;Hodor;;;;;;;;;x
PROV583;Hodor;Hodor;Hodor;Hodor;Hodor;;;;;;;;;x
PROV584;Hodor;Hodor;Hodor;Hodor;Hodor;;;;;;;;;x
PROV585;Hodor;Hodor;Hodor;Hodor;Hodor;;;;;;;;;x
PROV586;Hodor;Hodor;Hodor;Hodor;Hodor;;;;;;;;;x
PROV587;Hodor;Hodor;Hodor;Hodor;Hodor;;;;;;;;;x
PROV588;Hodor;Hodor;Hodor;Hodor;Hodor;;;;;;;;;x
PROV589;Hodor;Hodor;Hodor;Hodor;Hodor;;;;;;;;;x
PROV590;Hodor;Hodor;Hodor;Hodor;Hodor;;;;;;;;;x
PROV591;Hodor;Hodor;Hodor;Hodor;Hodor;;;;;;;;;x
PROV592;Hodor;Hodor;Hodor;Hodor;Hodor;;;;;;;;;x
PROV593;Hodor;Hodor;Hodor;Hodor;Hodor;;;;;;;;;x
PROV594;Hodor;Hodor;Hodor;Hodor;Hodor;;;;;;;;;x
PROV595;Hodor;Hodor;Hodor;Hodor;Hodor;;;;;;;;;x
PROV596;Hodor;Hodor;Hodor;Hodor;Hodor;;;;;;;;;x
PROV597;Hodor;Hodor;Hodor;Hodor;Hodor;;;;;;;;;x
PROV598;Hodor;Hodor;Hodor;Hodor;Hodor;;;;;;;;;x
PROV599;Hodor;Hodor;Hodor;Hodor;Hodor;;;;;;;;;x
PROV600;Hodor;Hodor;Hodor;Hodor;Hodor;;;;;;;;;x
PROV601;Hodor;Hodor;Hodor;Hodor;Hodor;;;;;;;;;x
PROV602;Hodor;Hodor;Hodor;Hodor;Hodor;;;;;;;;;x
PROV603;Hodor;Hodor;Hodor;Hodor;Hodor;;;;;;;;;x
PROV604;Hodor;Hodor;Hodor;Hodor;Hodor;;;;;;;;;x
PROV605;Hodor;Hodor;Hodor;Hodor;Hodor;;;;;;;;;x
PROV606;Hodor;Hodor;Hodor;Hodor;Hodor;;;;;;;;;x
PROV607;Hodor;Hodor;Hodor;Hodor;Hodor;;;;;;;;;x
PROV608;Hodor;Hodor;Hodor;Hodor;Hodor;;;;;;;;;x
PROV609;Hodor;Hodor;Hodor;Hodor;Hodor;;;;;;;;;x
PROV610;Hodor;Hodor;Hodor;Hodor;Hodor;;;;;;;;;x
PROV611;Hodor;Hodor;Hodor;Hodor;Hodor;;;;;;;;;x
PROV612;Hodor;Hodor;Hodor;Hodor;Hodor;;;;;;;;;x
PROV613;Hodor;Hodor;Hodor;Hodor;Hodor;;;;;;;;;x
PROV614;Hodor;Hodor;Hodor;Hodor;Hodor;;;;;;;;;x
PROV615;Hodor;Hodor;Hodor;Hodor;Hodor;;;;;;;;;x
PROV616;Hodor;Hodor;Hodor;Hodor;Hodor;;;;;;;;;x
PROV617;Hodor;Hodor;Hodor;Hodor;Hodor;;;;;;;;;x
PROV618;Hodor;Hodor;Hodor;Hodor;Hodor;;;;;;;;;x
PROV619;Hodor;Hodor;Hodor;Hodor;Hodor;;;;;;;;;x
PROV620;Hodor;Hodor;Hodor;Hodor;Hodor;;;;;;;;;x
PROV621;Hodor;Hodor;Hodor;Hodor;Hodor;;;;;;;;;x
PROV622;Hodor;Hodor;Hodor;Hodor;Hodor;;;;;;;;;x
PROV623;Hodor;Hodor;Hodor;Hodor;Hodor;;;;;;;;;x
PROV624;Hodor;Hodor;Hodor;Hodor;Hodor;;;;;;;;;x
PROV625;Hodor;Hodor;Hodor;Hodor;Hodor;;;;;;;;;x
PROV626;Hodor;Hodor;Hodor;Hodor;Hodor;;;;;;;;;x
PROV627;Hodor;Hodor;Hodor;Hodor;Hodor;;;;;;;;;x
PROV628;Hodor;Hodor;Hodor;Hodor;Hodor;;;;;;;;;x
PROV629;Hodor;Hodor;Hodor;Hodor;Hodor;;;;;;;;;x
PROV630;Hodor;Hodor;Hodor;Hodor;Hodor;;;;;;;;;x
PROV631;Hodor;Hodor;Hodor;Hodor;Hodor;;;;;;;;;x
PROV632;Hodor;Hodor;Hodor;Hodor;Hodor;;;;;;;;;x
PROV633;Hodor;Hodor;Hodor;Hodor;Hodor;;;;;;;;;x
PROV634;Hodor;Hodor;Hodor;Hodor;Hodor;;;;;;;;;x
PROV635;Hodor;Hodor;Hodor;Hodor;Hodor;;;;;;;;;x
PROV636;Hodor;Hodor;Hodor;Hodor;Hodor;;;;;;;;;x
PROV637;Hodor;Hodor;Hodor;Hodor;Hodor;;;;;;;;;x
PROV638;Hodor;Hodor;Hodor;Hodor;Hodor;;;;;;;;;x
PROV639;Hodor;Hodor;Hodor;Hodor;Hodor;;;;;;;;;x
PROV640;Hodor;Hodor;Hodor;Hodor;Hodor;;;;;;;;;x
PROV641;Hodor;Hodor;Hodor;Hodor;Hodor;;;;;;;;;x
PROV642;Hodor;Hodor;Hodor;Hodor;Hodor;;;;;;;;;x
PROV643;Hodor;Hodor;Hodor;Hodor;Hodor;;;;;;;;;x
PROV644;Hodor;Hodor;Hodor;Hodor;Hodor;;;;;;;;;x
PROV645;Hodor;Hodor;Hodor;Hodor;Hodor;;;;;;;;;x
PROV646;Hodor;Hodor;Hodor;Hodor;Hodor;;;;;;;;;x
PROV647;Hodor;Hodor;Hodor;Hodor;Hodor;;;;;;;;;x
PROV648;Hodor;Hodor;Hodor;Hodor;Hodor;;;;;;;;;x
PROV649;Hodor;Hodor;Hodor;Hodor;Hodor;;;;;;;;;x
PROV650;Hodor;Hodor;Hodor;Hodor;Hodor;;;;;;;;;x
PROV651;Hodor;Hodor;Hodor;Hodor;Hodor;;;;;;;;;x
PROV652;Hodor;Hodor;Hodor;Hodor;Hodor;;;;;;;;;x
PROV653;Hodor;Hodor;Hodor;Hodor;Hodor;;;;;;;;;x
PROV654;Hodor;Hodor;Hodor;Hodor;Hodor;;;;;;;;;x
PROV655;Hodor;Hodor;Hodor;Hodor;Hodor;;;;;;;;;x
PROV656;Hodor;Hodor;Hodor;Hodor;Hodor;;;;;;;;;x
PROV657;Hodor;Hodor;Hodor;Hodor;Hodor;;;;;;;;;x
PROV658;Hodor;Hodor;Hodor;Hodor;Hodor;;;;;;;;;x
PROV659;Hodor;Hodor;Hodor;Hodor;Hodor;;;;;;;;;x
PROV660;Hodor;Hodor;Hodor;Hodor;Hodor;;;;;;;;;x
PROV661;Hodor;Hodor;Hodor;Hodor;Hodor;;;;;;;;;x
PROV662;Hodor;Hodor;Hodor;Hodor;Hodor;;;;;;;;;x
PROV663;Hodor;Hodor;Hodor;Hodor;Hodor;;;;;;;;;x
PROV664;Hodor;Hodor;Hodor;Hodor;Hodor;;;;;;;;;x
PROV665;Hodor;Hodor;Hodor;Hodor;Hodor;;;;;;;;;x
PROV666;Hodor;Hodor;Hodor;Hodor;Hodor;;;;;;;;;x
PROV667;Hodor;Hodor;Hodor;Hodor;Hodor;;;;;;;;;x
PROV668;Hodor;Hodor;Hodor;Hodor;Hodor;;;;;;;;;x
PROV669;Hodor;Hodor;Hodor;Hodor;Hodor;;;;;;;;;x
PROV670;Hodor;Hodor;Hodor;Hodor;Hodor;;;;;;;;;x
PROV671;Hodor;Hodor;Hodor;Hodor;Hodor;;;;;;;;;x
PROV672;Hodor;Hodor;Hodor;Hodor;Hodor;;;;;;;;;x
PROV673;Hodor;Hodor;Hodor;Hodor;Hodor;;;;;;;;;x
PROV674;Hodor;Hodor;Hodor;Hodor;Hodor;;;;;;;;;x
PROV675;Hodor;Hodor;Hodor;Hodor;Hodor;;;;;;;;;x
PROV676;Hodor;Hodor;Hodor;Hodor;Hodor;;;;;;;;;x
PROV677;Hodor;Hodor;Hodor;Hodor;Hodor;;;;;;;;;x
PROV678;Hodor;Hodor;Hodor;Hodor;Hodor;;;;;;;;;x
PROV679;Hodor;Hodor;Hodor;Hodor;Hodor;;;;;;;;;x
PROV680;Hodor;Hodor;Hodor;Hodor;Hodor;;;;;;;;;x
PROV681;Hodor;Hodor;Hodor;Hodor;Hodor;;;;;;;;;x
PROV682;Hodor;Hodor;Hodor;Hodor;Hodor;;;;;;;;;x
PROV683;Hodor;Hodor;Hodor;Hodor;Hodor;;;;;;;;;x
PROV684;Hodor;Hodor;Hodor;Hodor;Hodor;;;;;;;;;x
PROV685;Hodor;Hodor;Hodor;Hodor;Hodor;;;;;;;;;x
PROV686;Hodor;Hodor;Hodor;Hodor;Hodor;;;;;;;;;x
PROV687;Hodor;Hodor;Hodor;Hodor;Hodor;;;;;;;;;x
PROV688;Hodor;Hodor;Hodor;Hodor;Hodor;;;;;;;;;x
PROV689;Hodor;Hodor;Hodor;Hodor;Hodor;;;;;;;;;x
PROV690;Hodor;Hodor;Hodor;Hodor;Hodor;;;;;;;;;x
PROV691;Hodor;Hodor;Hodor;Hodor;Hodor;;;;;;;;;x
PROV692;Hodor;Hodor;Hodor;Hodor;Hodor;;;;;;;;;x
PROV693;Hodor;Hodor;Hodor;Hodor;Hodor;;;;;;;;;x
PROV694;Hodor;Hodor;Hodor;Hodor;Hodor;;;;;;;;;x
PROV695;Hodor;Hodor;Hodor;Hodor;Hodor;;;;;;;;;x
PROV696;Hodor;Hodor;Hodor;Hodor;Hodor;;;;;;;;;x
PROV697;Hodor;Hodor;Hodor;Hodor;Hodor;;;;;;;;;x
PROV698;Hodor;Hodor;Hodor;Hodor;Hodor;;;;;;;;;x
PROV699;Hodor;Hodor;Hodor;Hodor;Hodor;;;;;;;;;x
PROV700;Hodor;Hodor;Hodor;Hodor;Hodor;;;;;;;;;x
PROV701;Hodor;Hodor;Hodor;Hodor;Hodor;;;;;;;;;x
PROV702;Hodor;Hodor;Hodor;Hodor;Hodor;;;;;;;;;x
PROV703;Hodor;Hodor;Hodor;Hodor;Hodor;;;;;;;;;x
PROV704;Hodor;Hodor;Hodor;Hodor;Hodor;;;;;;;;;x
PROV705;Hodor;Hodor;Hodor;Hodor;Hodor;;;;;;;;;x
PROV706;Hodor;Hodor;Hodor;Hodor;Hodor;;;;;;;;;x
PROV707;Hodor;Hodor;Hodor;Hodor;Hodor;;;;;;;;;x
PROV708;Hodor;Hodor;Hodor;Hodor;Hodor;;;;;;;;;x
PROV709;Hodor;Hodor;Hodor;Hodor;Hodor;;;;;;;;;x
PROV710;Hodor;Hodor;Hodor;Hodor;Hodor;;;;;;;;;x
PROV711;Hodor;Hodor;Hodor;Hodor;Hodor;;;;;;;;;x
PROV712;Hodor;Hodor;Hodor;Hodor;Hodor;;;;;;;;;x
PROV713;Hodor;Hodor;Hodor;Hodor;Hodor;;;;;;;;;x
PROV714;Hodor;Hodor;Hodor;Hodor;Hodor;;;;;;;;;x
PROV715;Hodor;Hodor;Hodor;Hodor;Hodor;;;;;;;;;x
PROV716;Hodor;Hodor;Hodor;Hodor;Hodor;;;;;;;;;x
PROV717;Hodor;Hodor;Hodor;Hodor;Hodor;;;;;;;;;x
PROV718;Hodor;Hodor;Hodor;Hodor;Hodor;;;;;;;;;x
PROV719;Hodor;Hodor;Hodor;Hodor;Hodor;;;;;;;;;x
PROV720;Hodor;Hodor;Hodor;Hodor;Hodor;;;;;;;;;x
PROV721;Hodor;Hodor;Hodor;Hodor;Hodor;;;;;;;;;x
PROV722;Hodor;Hodor;Hodor;Hodor;Hodor;;;;;;;;;x
PROV723;Hodor;Hodor;Hodor;Hodor;Hodor;;;;;;;;;x
PROV724;Hodor;Hodor;Hodor;Hodor;Hodor;;;;;;;;;x
PROV725;Hodor;Hodor;Hodor;Hodor;Hodor;;;;;;;;;x
PROV726;Hodor;Hodor;Hodor;Hodor;Hodor;;;;;;;;;x
PROV727;Hodor;Hodor;Hodor;Hodor;Hodor;;;;;;;;;x
PROV728;Hodor;Hodor;Hodor;Hodor;Hodor;;;;;;;;;x
PROV729;Hodor;Hodor;Hodor;Hodor;Hodor;;;;;;;;;x
PROV730;Hodor;Hodor;Hodor;Hodor;Hodor;;;;;;;;;x
PROV731;Hodor;Hodor;Hodor;Hodor;Hodor;;;;;;;;;x
PROV732;Hodor;Hodor;Hodor;Hodor;Hodor;;;;;;;;;x
PROV733;Hodor;Hodor;Hodor;Hodor;Hodor;;;;;;;;;x
PROV734;Hodor;Hodor;Hodor;Hodor;Hodor;;;;;;;;;x
PROV735;Hodor;Hodor;Hodor;Hodor;Hodor;;;;;;;;;x
PROV736;Hodor;Hodor;Hodor;Hodor;Hodor;;;;;;;;;x
PROV737;Hodor;Hodor;Hodor;Hodor;Hodor;;;;;;;;;x
PROV738;Hodor;Hodor;Hodor;Hodor;Hodor;;;;;;;;;x
PROV739;Hodor;Hodor;Hodor;Hodor;Hodor;;;;;;;;;x
PROV740;Hodor;Hodor;Hodor;Hodor;Hodor;;;;;;;;;x
PROV741;Hodor;Hodor;Hodor;Hodor;Hodor;;;;;;;;;x
PROV742;Hodor;Hodor;Hodor;Hodor;Hodor;;;;;;;;;x
PROV743;Hodor;Hodor;Hodor;Hodor;Hodor;;;;;;;;;x
PROV744;Hodor;Hodor;Hodor;Hodor;Hodor;;;;;;;;;x
PROV745;Hodor;Hodor;Hodor;Hodor;Hodor;;;;;;;;;x
PROV746;Hodor;Hodor;Hodor;Hodor;Hodor;;;;;;;;;x
PROV747;Hodor;Hodor;Hodor;Hodor;Hodor;;;;;;;;;x
PROV748;Hodor;Hodor;Hodor;Hodor;Hodor;;;;;;;;;x
PROV749;Hodor;Hodor;Hodor;Hodor;Hodor;;;;;;;;;x
PROV750;Hodor;Hodor;Hodor;Hodor;Hodor;;;;;;;;;x
PROV751;Hodor;Hodor;Hodor;Hodor;Hodor;;;;;;;;;x
PROV752;Hodor;Hodor;Hodor;Hodor;Hodor;;;;;;;;;x
PROV753;Hodor;Hodor;Hodor;Hodor;Hodor;;;;;;;;;x
PROV754;Hodor;Hodor;Hodor;Hodor;Hodor;;;;;;;;;x
PROV755;Hodor;Hodor;Hodor;Hodor;Hodor;;;;;;;;;x
PROV756;Hodor;Hodor;Hodor;Hodor;Hodor;;;;;;;;;x
PROV757;Hodor;Hodor;Hodor;Hodor;Hodor;;;;;;;;;x
PROV758;Hodor;Hodor;Hodor;Hodor;Hodor;;;;;;;;;x
PROV759;Hodor;Hodor;Hodor;Hodor;Hodor;;;;;;;;;x
PROV760;Hodor;Hodor;Hodor;Hodor;Hodor;;;;;;;;;x
PROV761;Hodor;Hodor;Hodor;Hodor;Hodor;;;;;;;;;x
PROV762;Hodor;Hodor;Hodor;Hodor;Hodor;;;;;;;;;x
PROV763;Hodor;Hodor;Hodor;Hodor;Hodor;;;;;;;;;x
PROV764;Hodor;Hodor;Hodor;Hodor;Hodor;;;;;;;;;x
PROV765;Hodor;Hodor;Hodor;Hodor;Hodor;;;;;;;;;x
PROV766;Hodor;Hodor;Hodor;Hodor;Hodor;;;;;;;;;x
PROV767;Hodor;Hodor;Hodor;Hodor;Hodor;;;;;;;;;x
PROV768;Hodor;Hodor;Hodor;Hodor;Hodor;;;;;;;;;x
PROV769;Hodor;Hodor;Hodor;Hodor;Hodor;;;;;;;;;x
PROV770;Hodor;Hodor;Hodor;Hodor;Hodor;;;;;;;;;x
PROV771;Hodor;Hodor;Hodor;Hodor;Hodor;;;;;;;;;x
PROV772;Hodor;Hodor;Hodor;Hodor;Hodor;;;;;;;;;x
PROV773;Hodor;Hodor;Hodor;Hodor;Hodor;;;;;;;;;x
PROV774;Hodor;Hodor;Hodor;Hodor;Hodor;;;;;;;;;x
PROV775;Hodor;Hodor;Hodor;Hodor;Hodor;;;;;;;;;x
PROV776;Hodor;Hodor;Hodor;Hodor;Hodor;;;;;;;;;x
PROV777;Hodor;Hodor;Hodor;Hodor;Hodor;;;;;;;;;x
PROV778;Hodor;Hodor;Hodor;Hodor;Hodor;;;;;;;;;x
PROV779;Hodor;Hodor;Hodor;Hodor;Hodor;;;;;;;;;x
PROV780;Hodor;Hodor;Hodor;Hodor;Hodor;;;;;;;;;x
PROV781;Hodor;Hodor;Hodor;Hodor;Hodor;;;;;;;;;x
PROV782;Hodor;Hodor;Hodor;Hodor;Hodor;;;;;;;;;x
PROV783;Hodor;Hodor;Hodor;Hodor;Hodor;;;;;;;;;x
PROV784;Hodor;Hodor;Hodor;Hodor;Hodor;;;;;;;;;x
PROV785;Hodor;Hodor;Hodor;Hodor;Hodor;;;;;;;;;x
PROV786;Hodor;Hodor;Hodor;Hodor;Hodor;;;;;;;;;x
PROV787;Hodor;Hodor;Hodor;Hodor;Hodor;;;;;;;;;x
PROV788;Hodor;Hodor;Hodor;Hodor;Hodor;;;;;;;;;x
PROV789;Hodor;Hodor;Hodor;Hodor;Hodor;;;;;;;;;x
PROV790;Hodor;Hodor;Hodor;Hodor;Hodor;;;;;;;;;x
PROV791;Hodor;Hodor;Hodor;Hodor;Hodor;;;;;;;;;x
PROV792;Hodor;Hodor;Hodor;Hodor;Hodor;;;;;;;;;x
PROV793;Hodor;Hodor;Hodor;Hodor;Hodor;;;;;;;;;x
PROV794;Hodor;Hodor;Hodor;Hodor;Hodor;;;;;;;;;x
PROV795;Hodor;Hodor;Hodor;Hodor;Hodor;;;;;;;;;x
PROV796;Hodor;Hodor;Hodor;Hodor;Hodor;;;;;;;;;x
PROV797;Hodor;Hodor;Hodor;Hodor;Hodor;;;;;;;;;x
PROV798;Hodor;Hodor;Hodor;Hodor;Hodor;;;;;;;;;x
PROV799;Hodor;Hodor;Hodor;Hodor;Hodor;;;;;;;;;x
PROV800;Hodor;Hodor;Hodor;Hodor;Hodor;;;;;;;;;x
PROV801;Hodor;Hodor;Hodor;Hodor;Hodor;;;;;;;;;x
PROV802;Hodor;Hodor;Hodor;Hodor;Hodor;;;;;;;;;x
PROV803;Hodor;Hodor;Hodor;Hodor;Hodor;;;;;;;;;x
PROV804;Hodor;Hodor;Hodor;Hodor;Hodor;;;;;;;;;x
PROV805;Hodor;Hodor;Hodor;Hodor;Hodor;;;;;;;;;x
PROV806;Hodor;Hodor;Hodor;Hodor;Hodor;;;;;;;;;x
PROV807;Hodor;Hodor;Hodor;Hodor;Hodor;;;;;;;;;x
PROV808;Hodor;Hodor;Hodor;Hodor;Hodor;;;;;;;;;x
PROV809;Hodor;Hodor;Hodor;Hodor;Hodor;;;;;;;;;x
PROV810;Hodor;Hodor;Hodor;Hodor;Hodor;;;;;;;;;x
PROV811;Hodor;Hodor;Hodor;Hodor;Hodor;;;;;;;;;x
PROV812;Hodor;Hodor;Hodor;Hodor;Hodor;;;;;;;;;x
PROV813;Hodor;Hodor;Hodor;Hodor;Hodor;;;;;;;;;x
PROV814;Hodor;Hodor;Hodor;Hodor;Hodor;;;;;;;;;x
PROV815;Hodor;Hodor;Hodor;Hodor;Hodor;;;;;;;;;x
PROV816;Hodor;Hodor;Hodor;Hodor;Hodor;;;;;;;;;x
PROV817;Hodor;Hodor;Hodor;Hodor;Hodor;;;;;;;;;x
PROV818;Hodor;Hodor;Hodor;Hodor;Hodor;;;;;;;;;x
PROV819;Hodor;Hodor;Hodor;Hodor;Hodor;;;;;;;;;x
PROV820;Hodor;Hodor;Hodor;Hodor;Hodor;;;;;;;;;x
PROV821;Hodor;Hodor;Hodor;Hodor;Hodor;;;;;;;;;x
PROV822;Hodor;Hodor;Hodor;Hodor;Hodor;;;;;;;;;x
PROV823;Hodor;Hodor;Hodor;Hodor;Hodor;;;;;;;;;x
PROV824;Hodor;Hodor;Hodor;Hodor;Hodor;;;;;;;;;x
PROV825;Hodor;Hodor;Hodor;Hodor;Hodor;;;;;;;;;x
PROV826;Hodor;Hodor;Hodor;Hodor;Hodor;;;;;;;;;x
PROV827;Hodor;Hodor;Hodor;Hodor;Hodor;;;;;;;;;x
PROV828;Hodor;Hodor;Hodor;Hodor;Hodor;;;;;;;;;x
PROV829;Hodor;Hodor;Hodor;Hodor;Hodor;;;;;;;;;x
PROV830;Hodor;Hodor;Hodor;Hodor;Hodor;;;;;;;;;x
PROV831;Hodor;Hodor;Hodor;Hodor;Hodor;;;;;;;;;x
PROV832;Hodor;Hodor;Hodor;Hodor;Hodor;;;;;;;;;x
PROV833;Hodor;Hodor;Hodor;Hodor;Hodor;;;;;;;;;x
PROV834;Hodor;Hodor;Hodor;Hodor;Hodor;;;;;;;;;x
PROV835;Hodor;Hodor;Hodor;Hodor;Hodor;;;;;;;;;x
PROV836;Hodor;Hodor;Hodor;Hodor;Hodor;;;;;;;;;x
PROV837;Hodor;Hodor;Hodor;Hodor;Hodor;;;;;;;;;x
PROV838;Hodor;Hodor;Hodor;Hodor;Hodor;;;;;;;;;x
PROV839;Hodor;Hodor;Hodor;Hodor;Hodor;;;;;;;;;x
PROV840;Hodor;Hodor;Hodor;Hodor;Hodor;;;;;;;;;x
PROV841;Hodor;Hodor;Hodor;Hodor;Hodor;;;;;;;;;x
PROV842;Hodor;Hodor;Hodor;Hodor;Hodor;;;;;;;;;x
PROV843;Hodor;Hodor;Hodor;Hodor;Hodor;;;;;;;;;x
PROV844;Hodor;Hodor;Hodor;Hodor;Hodor;;;;;;;;;x
PROV845;Hodor;Hodor;Hodor;Hodor;Hodor;;;;;;;;;x
PROV846;Hodor;Hodor;Hodor;Hodor;Hodor;;;;;;;;;x
PROV847;Hodor;Hodor;Hodor;Hodor;Hodor;;;;;;;;;x
PROV848;Hodor;Hodor;Hodor;Hodor;Hodor;;;;;;;;;x
PROV849;Hodor;Hodor;Hodor;Hodor;Hodor;;;;;;;;;x
PROV850;Hodor;Hodor;Hodor;Hodor;Hodor;;;;;;;;;x
PROV851;Hodor;Hodor;Hodor;Hodor;Hodor;;;;;;;;;x
PROV852;Hodor;Hodor;Hodor;Hodor;Hodor;;;;;;;;;x
PROV853;Hodor;Hodor;Hodor;Hodor;Hodor;;;;;;;;;x
PROV854;Hodor;Hodor;Hodor;Hodor;Hodor;;;;;;;;;x
PROV855;Hodor;Hodor;Hodor;Hodor;Hodor;;;;;;;;;x
PROV856;Hodor;Hodor;Hodor;Hodor;Hodor;;;;;;;;;x
PROV857;Hodor;Hodor;Hodor;Hodor;Hodor;;;;;;;;;x
PROV858;Hodor;Hodor;Hodor;Hodor;Hodor;;;;;;;;;x
PROV859;Hodor;Hodor;Hodor;Hodor;Hodor;;;;;;;;;x
PROV860;Hodor;Hodor;Hodor;Hodor;Hodor;;;;;;;;;x
PROV861;Hodor;Hodor;Hodor;Hodor;Hodor;;;;;;;;;x
PROV862;Hodor;Hodor;Hodor;Hodor;Hodor;;;;;;;;;x
PROV863;Hodor;Hodor;Hodor;Hodor;Hodor;;;;;;;;;x
PROV864;Hodor;Hodor;Hodor;Hodor;Hodor;;;;;;;;;x
PROV865;Hodor;Hodor;Hodor;Hodor;Hodor;;;;;;;;;x
PROV866;Hodor;Hodor;Hodor;Hodor;Hodor;;;;;;;;;x
PROV867;Hodor;Hodor;Hodor;Hodor;Hodor;;;;;;;;;x
PROV868;Hodor;Hodor;Hodor;Hodor;Hodor;;;;;;;;;x
PROV869;Hodor;Hodor;Hodor;Hodor;Hodor;;;;;;;;;x
PROV870;Hodor;Hodor;Hodor;Hodor;Hodor;;;;;;;;;x
PROV871;Hodor;Hodor;Hodor;Hodor;Hodor;;;;;;;;;x
PROV872;Hodor;Hodor;Hodor;Hodor;Hodor;;;;;;;;;x
PROV873;Hodor;Hodor;Hodor;Hodor;Hodor;;;;;;;;;x
PROV874;Hodor;Hodor;Hodor;Hodor;Hodor;;;;;;;;;x
PROV875;Hodor;Hodor;Hodor;Hodor;Hodor;;;;;;;;;x
PROV876;Hodor;Hodor;Hodor;Hodor;Hodor;;;;;;;;;x
PROV877;Hodor;Hodor;Hodor;Hodor;Hodor;;;;;;;;;x
PROV878;Hodor;Hodor;Hodor;Hodor;Hodor;;;;;;;;;x
PROV879;Hodor;Hodor;Hodor;Hodor;Hodor;;;;;;;;;x
PROV880;Hodor;Hodor;Hodor;Hodor;Hodor;;;;;;;;;x
PROV881;Hodor;Hodor;Hodor;Hodor;Hodor;;;;;;;;;x
PROV882;Hodor;Hodor;Hodor;Hodor;Hodor;;;;;;;;;x
PROV883;Hodor;Hodor;Hodor;Hodor;Hodor;;;;;;;;;x
PROV884;Hodor;Hodor;Hodor;Hodor;Hodor;;;;;;;;;x
PROV885;Hodor;Hodor;Hodor;Hodor;Hodor;;;;;;;;;x
PROV886;Hodor;Hodor;Hodor;Hodor;Hodor;;;;;;;;;x
PROV887;Hodor;Hodor;Hodor;Hodor;Hodor;;;;;;;;;x
PROV888;Hodor;Hodor;Hodor;Hodor;Hodor;;;;;;;;;x
PROV889;Hodor;Hodor;Hodor;Hodor;Hodor;;;;;;;;;x
PROV890;Hodor;Hodor;Hodor;Hodor;Hodor;;;;;;;;;x
PROV891;Hodor;Hodor;Hodor;Hodor;Hodor;;;;;;;;;x
PROV892;Hodor;Hodor;Hodor;Hodor;Hodor;;;;;;;;;x
PROV893;Hodor;Hodor;Hodor;Hodor;Hodor;;;;;;;;;x
PROV894;Hodor;Hodor;Hodor;Hodor;Hodor;;;;;;;;;x
PROV895;Hodor;Hodor;Hodor;Hodor;Hodor;;;;;;;;;x
PROV896;Hodor;Hodor;Hodor;Hodor;Hodor;;;;;;;;;x
PROV897;Hodor;Hodor;Hodor;Hodor;Hodor;;;;;;;;;x
PROV898;Hodor;Hodor;Hodor;Hodor;Hodor;;;;;;;;;x
PROV899;Hodor;Hodor;Hodor;Hodor;Hodor;;;;;;;;;x
PROV900;Hodor;Hodor;Hodor;Hodor;Hodor;;;;;;;;;x
PROV901;Hodor;Hodor;Hodor;Hodor;Hodor;;;;;;;;;x
PROV902;Hodor;Hodor;Hodor;Hodor;Hodor;;;;;;;;;x
PROV903;Hodor;Hodor;Hodor;Hodor;Hodor;;;;;;;;;x
PROV904;Hodor;Hodor;Hodor;Hodor;Hodor;;;;;;;;;x
PROV905;Hodor;Hodor;Hodor;Hodor;Hodor;;;;;;;;;x
PROV906;Hodor;Hodor;Hodor;Hodor;Hodor;;;;;;;;;x
PROV907;Hodor;Hodor;Hodor;Hodor;Hodor;;;;;;;;;x
PROV908;Hodor;Hodor;Hodor;Hodor;Hodor;;;;;;;;;x
PROV909;Hodor;Hodor;Hodor;Hodor;Hodor;;;;;;;;;x
PROV910;Hodor;Hodor;Hodor;Hodor;Hodor;;;;;;;;;x
PROV911;Hodor;Hodor;Hodor;Hodor;Hodor;;;;;;;;;x
PROV912;Hodor;Hodor;Hodor;Hodor;Hodor;;;;;;;;;x
PROV913;Hodor;Hodor;Hodor;Hodor;Hodor;;;;;;;;;x
PROV914;Hodor;Hodor;Hodor;Hodor;Hodor;;;;;;;;;x
PROV915;Hodor;Hodor;Hodor;Hodor;Hodor;;;;;;;;;x
PROV916;Hodor;Hodor;Hodor;Hodor;Hodor;;;;;;;;;x
PROV917;Hodor;Hodor;Hodor;Hodor;Hodor;;;;;;;;;x
PROV918;Hodor;Hodor;Hodor;Hodor;Hodor;;;;;;;;;x
PROV919;Hodor;Hodor;Hodor;Hodor;Hodor;;;;;;;;;x
PROV920;Hodor;Hodor;Hodor;Hodor;Hodor;;;;;;;;;x
PROV921;Hodor;Hodor;Hodor;Hodor;Hodor;;;;;;;;;x
PROV922;Hodor;Hodor;Hodor;Hodor;Hodor;;;;;;;;;x
PROV923;Hodor;Hodor;Hodor;Hodor;Hodor;;;;;;;;;x
PROV924;Hodor;Hodor;Hodor;Hodor;Hodor;;;;;;;;;x
PROV925;Hodor;Hodor;Hodor;Hodor;Hodor;;;;;;;;;x
PROV926;Hodor;Hodor;Hodor;Hodor;Hodor;;;;;;;;;x
PROV927;Hodor;Hodor;Hodor;Hodor;Hodor;;;;;;;;;x
PROV928;Hodor;Hodor;Hodor;Hodor;Hodor;;;;;;;;;x
PROV929;Hodor;Hodor;Hodor;Hodor;Hodor;;;;;;;;;x
PROV930;Hodor;Hodor;Hodor;Hodor;Hodor;;;;;;;;;x
PROV931;Hodor;Hodor;Hodor;Hodor;Hodor;;;;;;;;;x
PROV932;Hodor;Hodor;Hodor;Hodor;Hodor;;;;;;;;;x
PROV933;Hodor;Hodor;Hodor;Hodor;Hodor;;;;;;;;;x
PROV934;Hodor;Hodor;Hodor;Hodor;Hodor;;;;;;;;;x
PROV935;Hodor;Hodor;Hodor;Hodor;Hodor;;;;;;;;;x
PROV936;Hodor;Hodor;Hodor;Hodor;Hodor;;;;;;;;;x
PROV937;Hodor;Hodor;Hodor;Hodor;Hodor;;;;;;;;;x
PROV938;Hodor;Hodor;Hodor;Hodor;Hodor;;;;;;;;;x
PROV939;Hodor;Hodor;Hodor;Hodor;Hodor;;;;;;;;;x
PROV940;Hodor;Hodor;Hodor;Hodor;Hodor;;;;;;;;;x
PROV941;Hodor;Hodor;Hodor;Hodor;Hodor;;;;;;;;;x
PROV942;Hodor;Hodor;Hodor;Hodor;Hodor;;;;;;;;;x
PROV943;Hodor;Hodor;Hodor;Hodor;Hodor;;;;;;;;;x
PROV944;Hodor;Hodor;Hodor;Hodor;Hodor;;;;;;;;;x
PROV945;Hodor;Hodor;Hodor;Hodor;Hodor;;;;;;;;;x
PROV946;Hodor;Hodor;Hodor;Hodor;Hodor;;;;;;;;;x
PROV947;Hodor;Hodor;Hodor;Hodor;Hodor;;;;;;;;;x
PROV948;Hodor;Hodor;Hodor;Hodor;Hodor;;;;;;;;;x
PROV949;Hodor;Hodor;Hodor;Hodor;Hodor;;;;;;;;;x
PROV950;Hodor;Hodor;Hodor;Hodor;Hodor;;;;;;;;;x
PROV951;Hodor;Hodor;Hodor;Hodor;Hodor;;;;;;;;;x
PROV952;Hodor;Hodor;Hodor;Hodor;Hodor;;;;;;;;;x
PROV953;Hodor;Hodor;Hodor;Hodor;Hodor;;;;;;;;;x
PROV954;Hodor;Hodor;Hodor;Hodor;Hodor;;;;;;;;;x
PROV955;Hodor;Hodor;Hodor;Hodor;Hodor;;;;;;;;;x
PROV956;Hodor;Hodor;Hodor;Hodor;Hodor;;;;;;;;;x
PROV957;Hodor;Hodor;Hodor;Hodor;Hodor;;;;;;;;;x
PROV958;Hodor;Hodor;Hodor;Hodor;Hodor;;;;;;;;;x
PROV959;Hodor;Hodor;Hodor;Hodor;Hodor;;;;;;;;;x
PROV960;Hodor;Hodor;Hodor;Hodor;Hodor;;;;;;;;;x
PROV961;Hodor;Hodor;Hodor;Hodor;Hodor;;;;;;;;;x
PROV962;Hodor;Hodor;Hodor;Hodor;Hodor;;;;;;;;;x
PROV963;Hodor;Hodor;Hodor;Hodor;Hodor;;;;;;;;;x
PROV964;Hodor;Hodor;Hodor;Hodor;Hodor;;;;;;;;;x
PROV965;Hodor;Hodor;Hodor;Hodor;Hodor;;;;;;;;;x
PROV966;Hodor;Hodor;Hodor;Hodor;Hodor;;;;;;;;;x
PROV967;Hodor;Hodor;Hodor;Hodor;Hodor;;;;;;;;;x
PROV968;Hodor;Hodor;Hodor;Hodor;Hodor;;;;;;;;;x
PROV969;Hodor;Hodor;Hodor;Hodor;Hodor;;;;;;;;;x
PROV970;Hodor;Hodor;Hodor;Hodor;Hodor;;;;;;;;;x
PROV971;Hodor;Hodor;Hodor;Hodor;Hodor;;;;;;;;;x
PROV972;Hodor;Hodor;Hodor;Hodor;Hodor;;;;;;;;;x
PROV973;Hodor;Hodor;Hodor;Hodor;Hodor;;;;;;;;;x
PROV974;Hodor;Hodor;Hodor;Hodor;Hodor;;;;;;;;;x
PROV975;Hodor;Hodor;Hodor;Hodor;Hodor;;;;;;;;;x
PROV976;Hodor;Hodor;Hodor;Hodor;Hodor;;;;;;;;;x
PROV977;Hodor;Hodor;Hodor;Hodor;Hodor;;;;;;;;;x
PROV978;Hodor;Hodor;Hodor;Hodor;Hodor;;;;;;;;;x
PROV979;Hodor;Hodor;Hodor;Hodor;Hodor;;;;;;;;;x
PROV980;Hodor;Hodor;Hodor;Hodor;Hodor;;;;;;;;;x
PROV981;Hodor;Hodor;Hodor;Hodor;Hodor;;;;;;;;;x
PROV982;Hodor;Hodor;Hodor;Hodor;Hodor;;;;;;;;;x
PROV983;Hodor;Hodor;Hodor;Hodor;Hodor;;;;;;;;;x
PROV984;Hodor;Hodor;Hodor;Hodor;Hodor;;;;;;;;;x
PROV985;Hodor;Hodor;Hodor;Hodor;Hodor;;;;;;;;;x
PROV986;Hodor;Hodor;Hodor;Hodor;Hodor;;;;;;;;;x
PROV987;Hodor;Hodor;Hodor;Hodor;Hodor;;;;;;;;;x
PROV988;Hodor;Hodor;Hodor;Hodor;Hodor;;;;;;;;;x
PROV989;Hodor;Hodor;Hodor;Hodor;Hodor;;;;;;;;;x
PROV990;Hodor;Hodor;Hodor;Hodor;Hodor;;;;;;;;;x
PROV991;Hodor;Hodor;Hodor;Hodor;Hodor;;;;;;;;;x
PROV992;Hodor;Hodor;Hodor;Hodor;Hodor;;;;;;;;;x
PROV993;Hodor;Hodor;Hodor;Hodor;Hodor;;;;;;;;;x
PROV994;Hodor;Hodor;Hodor;Hodor;Hodor;;;;;;;;;x
PROV995;Hodor;Hodor;Hodor;Hodor;Hodor;;;;;;;;;x
PROV996;Hodor;Hodor;Hodor;Hodor;Hodor;;;;;;;;;x
PROV997;Hodor;Hodor;Hodor;Hodor;Hodor;;;;;;;;;x
PROV998;Hodor;Hodor;Hodor;Hodor;Hodor;;;;;;;;;x
PROV999;Hodor;Hodor;Hodor;Hodor;Hodor;;;;;;;;;x
PROV1000;Hodor;Hodor;Hodor;Hodor;Hodor;;;;;;;;;x
PROV1001;Hodor;Hodor;Hodor;Hodor;Hodor;;;;;;;;;x
PROV1002;Hodor;Hodor;Hodor;Hodor;Hodor;;;;;;;;;x
PROV1003;Hodor;Hodor;Hodor;Hodor;Hodor;;;;;;;;;x
PROV1004;Hodor;Hodor;Hodor;Hodor;Hodor;;;;;;;;;x
PROV1005;Hodor;Hodor;Hodor;Hodor;Hodor;;;;;;;;;x
PROV1006;Hodor;Hodor;Hodor;Hodor;Hodor;;;;;;;;;x
PROV1007;Hodor;Hodor;Hodor;Hodor;Hodor;;;;;;;;;x
PROV1008;Hodor;Hodor;Hodor;Hodor;Hodor;;;;;;;;;x
PROV1009;Hodor;Hodor;Hodor;Hodor;Hodor;;;;;;;;;x
PROV1010;Hodor;Hodor;Hodor;Hodor;Hodor;;;;;;;;;x
PROV1011;Hodor;Hodor;Hodor;Hodor;Hodor;;;;;;;;;x
PROV1012;Hodor;Hodor;Hodor;Hodor;Hodor;;;;;;;;;x
PROV1013;Hodor;Hodor;Hodor;Hodor;Hodor;;;;;;;;;x
PROV1014;Hodor;Hodor;Hodor;Hodor;Hodor;;;;;;;;;x
PROV1015;Hodor;Hodor;Hodor;Hodor;Hodor;;;;;;;;;x
PROV1016;Hodor;Hodor;Hodor;Hodor;Hodor;;;;;;;;;x
PROV1017;Hodor;Hodor;Hodor;Hodor;Hodor;;;;;;;;;x
PROV1018;Hodor;Hodor;Hodor;Hodor;Hodor;;;;;;;;;x
PROV1019;Hodor;Hodor;Hodor;Hodor;Hodor;;;;;;;;;x
PROV1020;Hodor;Hodor;Hodor;Hodor;Hodor;;;;;;;;;x
PROV1021;Hodor;Hodor;Hodor;Hodor;Hodor;;;;;;;;;x
PROV1022;Hodor;Hodor;Hodor;Hodor;Hodor;;;;;;;;;x
PROV1023;Hodor;Hodor;Hodor;Hodor;Hodor;;;;;;;;;x
PROV1024;Hodor;Hodor;Hodor;Hodor;Hodor;;;;;;;;;x
PROV1025;Hodor;Hodor;Hodor;Hodor;Hodor;;;;;;;;;x
PROV1026;Hodor;Hodor;Hodor;Hodor;Hodor;;;;;;;;;x
PROV1027;Hodor;Hodor;Hodor;Hodor;Hodor;;;;;;;;;x
PROV1028;Hodor;Hodor;Hodor;Hodor;Hodor;;;;;;;;;x
PROV1029;Hodor;Hodor;Hodor;Hodor;Hodor;;;;;;;;;x
PROV1030;Hodor;Hodor;Hodor;Hodor;Hodor;;;;;;;;;x
PROV1031;Hodor;Hodor;Hodor;Hodor;Hodor;;;;;;;;;x
PROV1032;Hodor;Hodor;Hodor;Hodor;Hodor;;;;;;;;;x
PROV1033;Hodor;Hodor;Hodor;Hodor;Hodor;;;;;;;;;x
PROV1034;Hodor;Hodor;Hodor;Hodor;Hodor;;;;;;;;;x
PROV1035;Hodor;Hodor;Hodor;Hodor;Hodor;;;;;;;;;x
PROV1036;Hodor;Hodor;Hodor;Hodor;Hodor;;;;;;;;;x
PROV1037;Hodor;Hodor;Hodor;Hodor;Hodor;;;;;;;;;x
PROV1038;Hodor;Hodor;Hodor;Hodor;Hodor;;;;;;;;;x
PROV1039;Hodor;Hodor;Hodor;Hodor;Hodor;;;;;;;;;x
PROV1040;Hodor;Hodor;Hodor;Hodor;Hodor;;;;;;;;;x
PROV1041;Hodor;Hodor;Hodor;Hodor;Hodor;;;;;;;;;x
PROV1042;Hodor;Hodor;Hodor;Hodor;Hodor;;;;;;;;;x
PROV1043;Hodor;Hodor;Hodor;Hodor;Hodor;;;;;;;;;x
PROV1044;Hodor;Hodor;Hodor;Hodor;Hodor;;;;;;;;;x
PROV1045;Hodor;Hodor;Hodor;Hodor;Hodor;;;;;;;;;x
PROV1046;Hodor;Hodor;Hodor;Hodor;Hodor;;;;;;;;;x
PROV1047;Hodor;Hodor;Hodor;Hodor;Hodor;;;;;;;;;x
PROV1048;Hodor;Hodor;Hodor;Hodor;Hodor;;;;;;;;;x
PROV1049;Hodor;Hodor;Hodor;Hodor;Hodor;;;;;;;;;x
PROV1050;Hodor;Hodor;Hodor;Hodor;Hodor;;;;;;;;;x
PROV1051;Hodor;Hodor;Hodor;Hodor;Hodor;;;;;;;;;x
PROV1052;Hodor;Hodor;Hodor;Hodor;Hodor;;;;;;;;;x
PROV1053;Hodor;Hodor;Hodor;Hodor;Hodor;;;;;;;;;x
PROV1054;Hodor;Hodor;Hodor;Hodor;Hodor;;;;;;;;;x
PROV1055;Hodor;Hodor;Hodor;Hodor;Hodor;;;;;;;;;x
PROV1056;Hodor;Hodor;Hodor;Hodor;Hodor;;;;;;;;;x
PROV1057;Hodor;Hodor;Hodor;Hodor;Hodor;;;;;;;;;x
PROV1058;Hodor;Hodor;Hodor;Hodor;Hodor;;;;;;;;;x
PROV1059;Hodor;Hodor;Hodor;Hodor;Hodor;;;;;;;;;x
PROV1060;Hodor;Hodor;Hodor;Hodor;Hodor;;;;;;;;;x
PROV1061;Hodor;Hodor;Hodor;Hodor;Hodor;;;;;;;;;x
PROV1062;Hodor;Hodor;Hodor;Hodor;Hodor;;;;;;;;;x
PROV1063;Hodor;Hodor;Hodor;Hodor;Hodor;;;;;;;;;x
PROV1064;Hodor;Hodor;Hodor;Hodor;Hodor;;;;;;;;;x
PROV1065;Hodor;Hodor;Hodor;Hodor;Hodor;;;;;;;;;x
PROV1066;Hodor;Hodor;Hodor;Hodor;Hodor;;;;;;;;;x
PROV1067;Hodor;Hodor;Hodor;Hodor;Hodor;;;;;;;;;x
PROV1068;Hodor;Hodor;Hodor;Hodor;Hodor;;;;;;;;;x
PROV1069;Hodor;Hodor;Hodor;Hodor;Hodor;;;;;;;;;x
PROV1070;Hodor;Hodor;Hodor;Hodor;Hodor;;;;;;;;;x
PROV1071;Hodor;Hodor;Hodor;Hodor;Hodor;;;;;;;;;x
PROV1072;Hodor;Hodor;Hodor;Hodor;Hodor;;;;;;;;;x
PROV1073;Hodor;Hodor;Hodor;Hodor;Hodor;;;;;;;;;x
PROV1074;Hodor;Hodor;Hodor;Hodor;Hodor;;;;;;;;;x
PROV1075;Hodor;Hodor;Hodor;Hodor;Hodor;;;;;;;;;x
PROV1076;Hodor;Hodor;Hodor;Hodor;Hodor;;;;;;;;;x
PROV1077;Hodor;Hodor;Hodor;Hodor;Hodor;;;;;;;;;x
PROV1078;Hodor;Hodor;Hodor;Hodor;Hodor;;;;;;;;;x
PROV1079;Hodor;Hodor;Hodor;Hodor;Hodor;;;;;;;;;x
PROV1080;Hodor;Hodor;Hodor;Hodor;Hodor;;;;;;;;;x
PROV1081;Hodor;Hodor;Hodor;Hodor;Hodor;;;;;;;;;x
PROV1082;Hodor;Hodor;Hodor;Hodor;Hodor;;;;;;;;;x
PROV1083;Hodor;Hodor;Hodor;Hodor;Hodor;;;;;;;;;x
PROV1084;Hodor;Hodor;Hodor;Hodor;Hodor;;;;;;;;;x
PROV1085;Hodor;Hodor;Hodor;Hodor;Hodor;;;;;;;;;x
PROV1086;Hodor;Hodor;Hodor;Hodor;Hodor;;;;;;;;;x
PROV1087;Hodor;Hodor;Hodor;Hodor;Hodor;;;;;;;;;x
PROV1088;Hodor;Hodor;Hodor;Hodor;Hodor;;;;;;;;;x
PROV1089;Hodor;Hodor;Hodor;Hodor;Hodor;;;;;;;;;x
PROV1090;Hodor;Hodor;Hodor;Hodor;Hodor;;;;;;;;;x
PROV1091;Hodor;Hodor;Hodor;Hodor;Hodor;;;;;;;;;x
PROV1092;Hodor;Hodor;Hodor;Hodor;Hodor;;;;;;;;;x
PROV1093;Hodor;Hodor;Hodor;Hodor;Hodor;;;;;;;;;x
PROV1094;Hodor;Hodor;Hodor;Hodor;Hodor;;;;;;;;;x
PROV1095;Hodor;Hodor;Hodor;Hodor;Hodor;;;;;;;;;x
PROV1096;Hodor;Hodor;Hodor;Hodor;Hodor;;;;;;;;;x
PROV1097;Hodor;Hodor;Hodor;Hodor;Hodor;;;;;;;;;x
PROV1098;Hodor;Hodor;Hodor;Hodor;Hodor;;;;;;;;;x
PROV1099;Hodor;Hodor;Hodor;Hodor;Hodor;;;;;;;;;x
PROV1100;Hodor;Hodor;Hodor;Hodor;Hodor;;;;;;;;;x
PROV1101;Hodor;Hodor;Hodor;Hodor;Hodor;;;;;;;;;x
PROV1102;Hodor;Hodor;Hodor;Hodor;Hodor;;;;;;;;;x
PROV1103;Hodor;Hodor;Hodor;Hodor;Hodor;;;;;;;;;x
PROV1104;Hodor;Hodor;Hodor;Hodor;Hodor;;;;;;;;;x
PROV1105;Hodor;Hodor;Hodor;Hodor;Hodor;;;;;;;;;x
PROV1106;Hodor;Hodor;Hodor;Hodor;Hodor;;;;;;;;;x
PROV1107;Hodor;Hodor;Hodor;Hodor;Hodor;;;;;;;;;x
PROV1108;Hodor;Hodor;Hodor;Hodor;Hodor;;;;;;;;;x
PROV1109;Hodor;Hodor;Hodor;Hodor;Hodor;;;;;;;;;x
PROV1110;Hodor;Hodor;Hodor;Hodor;Hodor;;;;;;;;;x
PROV1111;Hodor;Hodor;Hodor;Hodor;Hodor;;;;;;;;;x
PROV1112;Hodor;Hodor;Hodor;Hodor;Hodor;;;;;;;;;x
PROV1113;Hodor;Hodor;Hodor;Hodor;Hodor;;;;;;;;;x
PROV1114;Hodor;Hodor;Hodor;Hodor;Hodor;;;;;;;;;x
PROV1115;Hodor;Hodor;Hodor;Hodor;Hodor;;;;;;;;;x
PROV1116;Hodor;Hodor;Hodor;Hodor;Hodor;;;;;;;;;x
PROV1117;Hodor;Hodor;Hodor;Hodor;Hodor;;;;;;;;;x
PROV1118;Hodor;Hodor;Hodor;Hodor;Hodor;;;;;;;;;x
PROV1119;Hodor;Hodor;Hodor;Hodor;Hodor;;;;;;;;;x
PROV1120;Hodor;Hodor;Hodor;Hodor;Hodor;;;;;;;;;x
PROV1121;Hodor;Hodor;Hodor;Hodor;Hodor;;;;;;;;;x
PROV1122;Hodor;Hodor;Hodor;Hodor;Hodor;;;;;;;;;x
PROV1123;Hodor;Hodor;Hodor;Hodor;Hodor;;;;;;;;;x
PROV1124;Hodor;Hodor;Hodor;Hodor;Hodor;;;;;;;;;x
PROV1125;Hodor;Hodor;Hodor;Hodor;Hodor;;;;;;;;;x
PROV1126;Hodor;Hodor;Hodor;Hodor;Hodor;;;;;;;;;x
PROV1127;Hodor;Hodor;Hodor;Hodor;Hodor;;;;;;;;;x
PROV1128;Hodor;Hodor;Hodor;Hodor;Hodor;;;;;;;;;x
PROV1129;Hodor;Hodor;Hodor;Hodor;Hodor;;;;;;;;;x
PROV1130;Hodor;Hodor;Hodor;Hodor;Hodor;;;;;;;;;x
PROV1131;Hodor;Hodor;Hodor;Hodor;Hodor;;;;;;;;;x
PROV1132;Hodor;Hodor;Hodor;Hodor;Hodor;;;;;;;;;x
PROV1133;Hodor;Hodor;Hodor;Hodor;Hodor;;;;;;;;;x
PROV1134;Hodor;Hodor;Hodor;Hodor;Hodor;;;;;;;;;x
PROV1135;Hodor;Hodor;Hodor;Hodor;Hodor;;;;;;;;;x
PROV1136;Hodor;Hodor;Hodor;Hodor;Hodor;;;;;;;;;x
PROV1137;Hodor;Hodor;Hodor;Hodor;Hodor;;;;;;;;;x
PROV1138;Hodor;Hodor;Hodor;Hodor;Hodor;;;;;;;;;x
PROV1139;Hodor;Hodor;Hodor;Hodor;Hodor;;;;;;;;;x
PROV1140;Hodor;Hodor;Hodor;Hodor;Hodor;;;;;;;;;x
PROV1141;Hodor;Hodor;Hodor;Hodor;Hodor;;;;;;;;;x
PROV1142;Hodor;Hodor;Hodor;Hodor;Hodor;;;;;;;;;x
PROV1143;Hodor;Hodor;Hodor;Hodor;Hodor;;;;;;;;;x
PROV1144;Hodor;Hodor;Hodor;Hodor;Hodor;;;;;;;;;x
PROV1145;Hodor;Hodor;Hodor;Hodor;Hodor;;;;;;;;;x
PROV1146;Hodor;Hodor;Hodor;Hodor;Hodor;;;;;;;;;x
PROV1147;Hodor;Hodor;Hodor;Hodor;Hodor;;;;;;;;;x
PROV1148;Hodor;Hodor;Hodor;Hodor;Hodor;;;;;;;;;x
PROV1149;Hodor;Hodor;Hodor;Hodor;Hodor;;;;;;;;;x
PROV1150;Hodor;Hodor;Hodor;Hodor;Hodor;;;;;;;;;x
PROV1151;Hodor;Hodor;Hodor;Hodor;Hodor;;;;;;;;;x
PROV1152;Hodor;Hodor;Hodor;Hodor;Hodor;;;;;;;;;x
PROV1153;Hodor;Hodor;Hodor;Hodor;Hodor;;;;;;;;;x
PROV1154;Hodor;Hodor;Hodor;Hodor;Hodor;;;;;;;;;x
PROV1155;Hodor;Hodor;Hodor;Hodor;Hodor;;;;;;;;;x
PROV1156;Hodor;Hodor;Hodor;Hodor;Hodor;;;;;;;;;x
PROV1157;Hodor;Hodor;Hodor;Hodor;Hodor;;;;;;;;;x
PROV1158;Hodor;Hodor;Hodor;Hodor;Hodor;;;;;;;;;x
PROV1159;Hodor;Hodor;Hodor;Hodor;Hodor;;;;;;;;;x
PROV1160;Hodor;Hodor;Hodor;Hodor;Hodor;;;;;;;;;x
PROV1161;Hodor;Hodor;Hodor;Hodor;Hodor;;;;;;;;;x
PROV1162;Hodor;Hodor;Hodor;Hodor;Hodor;;;;;;;;;x
PROV1163;Hodor;Hodor;Hodor;Hodor;Hodor;;;;;;;;;x
PROV1164;Hodor;Hodor;Hodor;Hodor;Hodor;;;;;;;;;x
PROV1165;Hodor;Hodor;Hodor;Hodor;Hodor;;;;;;;;;x
PROV1166;Hodor;Hodor;Hodor;Hodor;Hodor;;;;;;;;;x
PROV1167;Hodor;Hodor;Hodor;Hodor;Hodor;;;;;;;;;x
PROV1168;Hodor;Hodor;Hodor;Hodor;Hodor;;;;;;;;;x
PROV1169;Hodor;Hodor;Hodor;Hodor;Hodor;;;;;;;;;x
PROV1170;Hodor;Hodor;Hodor;Hodor;Hodor;;;;;;;;;x
PROV1171;Hodor;Hodor;Hodor;Hodor;Hodor;;;;;;;;;x
PROV1172;Hodor;Hodor;Hodor;Hodor;Hodor;;;;;;;;;x
PROV1173;Hodor;Hodor;Hodor;Hodor;Hodor;;;;;;;;;x
PROV1174;Hodor;Hodor;Hodor;Hodor;Hodor;;;;;;;;;x
PROV1175;Hodor;Hodor;Hodor;Hodor;Hodor;;;;;;;;;x
PROV1176;Hodor;Hodor;Hodor;Hodor;Hodor;;;;;;;;;x
PROV1177;Hodor;Hodor;Hodor;Hodor;Hodor;;;;;;;;;x
PROV1178;Hodor;Hodor;Hodor;Hodor;Hodor;;;;;;;;;x
PROV1179;Hodor;Hodor;Hodor;Hodor;Hodor;;;;;;;;;x
PROV1180;Hodor;Hodor;Hodor;Hodor;Hodor;;;;;;;;;x
PROV1181;Hodor;Hodor;Hodor;Hodor;Hodor;;;;;;;;;x
PROV1182;Hodor;Hodor;Hodor;Hodor;Hodor;;;;;;;;;x
PROV1183;Hodor;Hodor;Hodor;Hodor;Hodor;;;;;;;;;x
PROV1184;Hodor;Hodor;Hodor;Hodor;Hodor;;;;;;;;;x
PROV1185;Hodor;Hodor;Hodor;Hodor;Hodor;;;;;;;;;x
PROV1186;Hodor;Hodor;Hodor;Hodor;Hodor;;;;;;;;;x
PROV1187;Hodor;Hodor;Hodor;Hodor;Hodor;;;;;;;;;x
PROV1188;Hodor;Hodor;Hodor;Hodor;Hodor;;;;;;;;;x
PROV1189;Hodor;Hodor;Hodor;Hodor;Hodor;;;;;;;;;x
PROV1190;Hodor;Hodor;Hodor;Hodor;Hodor;;;;;;;;;x
PROV1191;Hodor;Hodor;Hodor;Hodor;Hodor;;;;;;;;;x
PROV1192;Hodor;Hodor;Hodor;Hodor;Hodor;;;;;;;;;x
PROV1193;Hodor;Hodor;Hodor;Hodor;Hodor;;;;;;;;;x
PROV1194;Hodor;Hodor;Hodor;Hodor;Hodor;;;;;;;;;x
PROV1195;Hodor;Hodor;Hodor;Hodor;Hodor;;;;;;;;;x
