stillborn;Hodor;Hodor;Hodor;Hodor;Hodor;;;;;;;;;x;
stillborn_desc;Hodor;Hodor;Hodor;Hodor;Hodor;;;;;;;;;x;
stillborn_death;Hodor;Hodor;Hodor;Hodor;Hodor;;;;;;;;;x;
EVTOPTB400;Hodor;Hodor;Hodor;Hodor;Hodor;;;;;;;;;x;
TOOLTIPSTILLBIRTH;Hodor;Hodor;Hodor;Hodor;Hodor;;;;;;;;;x;
EVTOPTA402;Hodor;Hodor;Hodor;Hodor;Hodor;;;;;;;;;x;
EVTOPTC402;Hodor;Hodor;Hodor;Hodor;Hodor;;;;;;;;;x;
EVTTOOLTIP404;Hodor;Hodor;Hodor;Hodor;Hodor;;;;;;;;;x;
EVTTOOLTIP40499;Hodor;Hodor;Hodor;Hodor;Hodor;;;;;;;;;x;
EVTDESC40499;Hodor;Hodor;Hodor;Hodor;Hodor;;;;;;;;;x;
EVTOPTA40499;Hodor;Hodor;Hodor;Hodor;Hodor;;;;;;;;;x;
EVTTOOLTIP405;Hodor;Hodor;Hodor;Hodor;Hodor;;;;;;;;;x;
EVTDESC405;Hodor;Hodor;Hodor;Hodor;Hodor;;;;;;;;;x;
EVTOPTA405;Hodor;Hodor;Hodor;Hodor;Hodor;;;;;;;;;x;
EVTOPTB405;Hodor;Hodor;Hodor;Hodor;Hodor;;;;;;;;;x;
EVTDESC406;Hodor;Hodor;Hodor;Hodor;Hodor;;;;;;;;;x;
EVTOPTA406;Hodor;Hodor;Hodor;Hodor;Hodor;;;;;;;;;x;
EVTDESC407;Hodor;Hodor;Hodor;Hodor;Hodor;;;;;;;;;x;
EVTOPTA407;Hodor;Hodor;Hodor;Hodor;Hodor;;;;;;;;;x;
EVTDESC381;Hodor;Hodor;Hodor;Hodor;Hodor;;;;;;;;;x;
EVTOPTA381;Hodor;Hodor;Hodor;Hodor;Hodor;;;;;;;;;x;
EVTOPTA381B;Hodor;Hodor;Hodor;Hodor;Hodor;;;;;;;;;x;
EVTOPTB381;Hodor;Hodor;Hodor;Hodor;Hodor;;;;;;;;;x;
TOOLTIP381CRUEL;Hodor;Hodor;Hodor;Hodor;Hodor;;;;;;;;;x;
EVTDESC382;Hodor;Hodor;Hodor;Hodor;Hodor;;;;;;;;;x;
EVTOPTA382;Hodor;Hodor;Hodor;Hodor;Hodor;;;;;;;;;x;
plot_investigate_legitimacy_title;Hodor;Hodor;Hodor;Hodor;Hodor;;;;;;;;;x;
plot_investigate_legitimacy_desc;Hodor;Hodor;Hodor;Hodor;Hodor;;;;;;;;;x;
EVTDESCPIL0;Hodor;Hodor;Hodor;Hodor;Hodor;;;;;;;;;x;
EVTDESCPIL0B;Hodor;Hodor;Hodor;Hodor;Hodor;;;;;;;;;x;
EVTOPTAPIL0;Hodor;Hodor;Hodor;Hodor;Hodor;;;;;;;;;x;
EVTDESCPIL1;Hodor;Hodor;Hodor;Hodor;Hodor;;;;;;;;;x;
EVTDESCPIL1B;Hodor;Hodor;Hodor;Hodor;Hodor;;;;;;;;;x;
EVTOPTAPIL1;Hodor;Hodor;Hodor;Hodor;Hodor;;;;;;;;;x;
EVTTOOLTIPPIL1;Hodor;Hodor;Hodor;Hodor;Hodor;;;;;;;;;x;
EVTTOOLTIPPIL2;Hodor;Hodor;Hodor;Hodor;Hodor;;;;;;;;;x;
EVTDESCPIL2;Hodor;Hodor;Hodor;Hodor;Hodor;;;;;;;;;x;
EVTOPTAPIL2;Hodor;Hodor;Hodor;Hodor;Hodor;;;;;;;;;x;
EVTDESCPIL3;Hodor;Hodor;Hodor;Hodor;Hodor;;;;;;;;;x;
EVTDESCPIL3B;Hodor;Hodor;Hodor;Hodor;Hodor;;;;;;;;;x;
EVTOPTAPIL3;Hodor;Hodor;Hodor;Hodor;Hodor;;;;;;;;;x;
EVTDESCPIL4;Hodor;Hodor;Hodor;Hodor;Hodor;;;;;;;;;x;
EVTDESCPIL4B;Hodor;Hodor;Hodor;Hodor;Hodor;;;;;;;;;x;
EVTOPTAPIL4;Hodor;Hodor;Hodor;Hodor;Hodor;;;;;;;;;x;
EVTTOOLTIPPIL4;Hodor;Hodor;Hodor;Hodor;Hodor;;;;;;;;;x;
EVTTOOLTIPPIL5;Hodor;Hodor;Hodor;Hodor;Hodor;;;;;;;;;x;
EVTDESCPIL5;Hodor;Hodor;Hodor;Hodor;Hodor;;;;;;;;;x;
EVTOPTAPIL5;Hodor;Hodor;Hodor;Hodor;Hodor;;;;;;;;;x;
EVTDESCPIL6;Hodor;Hodor;Hodor;Hodor;Hodor;;;;;;;;;x;
EVTDESCPIL6B;Hodor;Hodor;Hodor;Hodor;Hodor;;;;;;;;;x;
EVTOPTAPIL6;Hodor;Hodor;Hodor;Hodor;Hodor;;;;;;;;;x;
EVTDESCPIL7;Hodor;Hodor;Hodor;Hodor;Hodor;;;;;;;;;x;
EVTDESCPIL7B;Hodor;Hodor;Hodor;Hodor;Hodor;;;;;;;;;x;
EVTOPTAPIL7;Hodor;Hodor;Hodor;Hodor;Hodor;;;;;;;;;x;
EVTTOOLTIPPIL7;Hodor;Hodor;Hodor;Hodor;Hodor;;;;;;;;;x;
EVTTOOLTIPPIL8;Hodor;Hodor;Hodor;Hodor;Hodor;;;;;;;;;x;
EVTDESCPIL8;Hodor;Hodor;Hodor;Hodor;Hodor;;;;;;;;;x;
EVTOPTAPIL8;Hodor;Hodor;Hodor;Hodor;Hodor;;;;;;;;;x;
EVTDESCPIL9;Hodor;Hodor;Hodor;Hodor;Hodor;;;;;;;;;x;
EVTOPTAPIL9;Hodor;Hodor;Hodor;Hodor;Hodor;;;;;;;;;x;
EVTDESCPIL10;Hodor;Hodor;Hodor;Hodor;Hodor;;;;;;;;;x;
EVTOPTAPIL10;Hodor;Hodor;Hodor;Hodor;Hodor;;;;;;;;;x;
EVTTOOLTIPPIL10;Hodor;Hodor;Hodor;Hodor;Hodor;;;;;;;;;x;
EVTTOOLTIPPIL11;Hodor;Hodor;Hodor;Hodor;Hodor;;;;;;;;;x;
EVTDESCPIL11;Hodor;Hodor;Hodor;Hodor;Hodor;;;;;;;;;x;
EVTOPTAPIL11;Hodor;Hodor;Hodor;Hodor;Hodor;;;;;;;;;x;
pil_fabricate_conception_decision_1;Hodor;Hodor;Hodor;Hodor;Hodor;;;;;;;;;x;
pil_fabricate_conception_decision_1_desc;Hodor;Hodor;Hodor;Hodor;Hodor;;;;;;;;;x;
pil_fabricate_conception_decision_2;Hodor;Hodor;Hodor;Hodor;Hodor;;;;;;;;;x;
pil_fabricate_conception_decision_2_desc;Hodor;Hodor;Hodor;Hodor;Hodor;;;;;;;;;x;
pil_fabricate_conception_decision_3;Hodor;Hodor;Hodor;Hodor;Hodor;;;;;;;;;x;
pil_fabricate_conception_decision_3_desc;Hodor;Hodor;Hodor;Hodor;Hodor;;;;;;;;;x;
pil_fabricate_conception_decision_4;Hodor;Hodor;Hodor;Hodor;Hodor;;;;;;;;;x;
pil_fabricate_conception_decision_4_desc;Hodor;Hodor;Hodor;Hodor;Hodor;;;;;;;;;x;
pil_fabricate_conception_decision_5;Hodor;Hodor;Hodor;Hodor;Hodor;;;;;;;;;x;
pil_fabricate_conception_decision_5_desc;Hodor;Hodor;Hodor;Hodor;Hodor;;;;;;;;;x;
EVTDESCPIL12;Hodor;Hodor;Hodor;Hodor;Hodor;;;;;;;;;x;
EVTOPTAPIL12;Hodor;Hodor;Hodor;Hodor;Hodor;;;;;;;;;x;
EVTDESCPIL14;Hodor;Hodor;Hodor;Hodor;Hodor;;;;;;;;;x;
EVTOPTAPIL14;Hodor;Hodor;Hodor;Hodor;Hodor;;;;;;;;;x;
EVTDESCPIL15;Hodor;Hodor;Hodor;Hodor;Hodor;;;;;;;;;x;
EVTOPTAPIL15;Hodor;Hodor;Hodor;Hodor;Hodor;;;;;;;;;x;
EVTTOOLTIPPIL15;Hodor;Hodor;Hodor;Hodor;Hodor;;;;;;;;;x;
EVTTOOLTIPPIL16;Hodor;Hodor;Hodor;Hodor;Hodor;;;;;;;;;x;
EVTDESCPIL16;Hodor;Hodor;Hodor;Hodor;Hodor;;;;;;;;;x;
EVTOPTAPIL16;Hodor;Hodor;Hodor;Hodor;Hodor;;;;;;;;;x;
pil_fabricate_dreams_decision_1;Hodor;Hodor;Hodor;Hodor;Hodor;;;;;;;;;x;
pil_fabricate_dreams_decision_1_desc;Hodor;Hodor;Hodor;Hodor;Hodor;;;;;;;;;x;
pil_fabricate_dreams_decision_2;Hodor;Hodor;Hodor;Hodor;Hodor;;;;;;;;;x;
pil_fabricate_dreams_decision_2_desc;Hodor;Hodor;Hodor;Hodor;Hodor;;;;;;;;;x;
pil_fabricate_dreams_decision_3;Hodor;Hodor;Hodor;Hodor;Hodor;;;;;;;;;x;
pil_fabricate_dreams_decision_3_desc;Hodor;Hodor;Hodor;Hodor;Hodor;;;;;;;;;x;
pil_fabricate_dreams_decision_4;Hodor;Hodor;Hodor;Hodor;Hodor;;;;;;;;;x;
pil_fabricate_dreams_decision_4_desc;Hodor;Hodor;Hodor;Hodor;Hodor;;;;;;;;;x;
pil_fabricate_dreams_decision_5;Hodor;Hodor;Hodor;Hodor;Hodor;;;;;;;;;x;
pil_fabricate_dreams_decision_5_desc;Hodor;Hodor;Hodor;Hodor;Hodor;;;;;;;;;x;
pil_fabricate_dreams_backer_decision;Hodor;Hodor;Hodor;Hodor;Hodor;;;;;;;;;x;
pil_fabricate_dreams_backer_decision_desc;Hodor;Hodor;Hodor;Hodor;Hodor;;;;;;;;;x;
EVTDESCPIL17;Hodor;Hodor;Hodor;Hodor;Hodor;;;;;;;;;x;
EVTOPTAPIL17;Hodor;Hodor;Hodor;Hodor;Hodor;;;;;;;;;x;
EVTDESCPIL19;Hodor;Hodor;Hodor;Hodor;Hodor;;;;;;;;;x;
EVTOPTAPIL19;Hodor;Hodor;Hodor;Hodor;Hodor;;;;;;;;;x;
EVTTOOLTIPPIL20;Hodor;Hodor;Hodor;Hodor;Hodor;;;;;;;;;x;
EVTDESCPIL20;Hodor;Hodor;Hodor;Hodor;Hodor;;;;;;;;;x;
EVTOPTAPIL20;Hodor;Hodor;Hodor;Hodor;Hodor;;;;;;;;;x;
EVTOPTBPIL20;Hodor;Hodor;Hodor;Hodor;Hodor;;;;;;;;;x;
EVTDESCPIL21;Hodor;Hodor;Hodor;Hodor;Hodor;;;;;;;;;x;
EVTOPTAPIL21;Hodor;Hodor;Hodor;Hodor;Hodor;;;;;;;;;x;
EVTOPTBPIL21;Hodor;Hodor;Hodor;Hodor;Hodor;;;;;;;;;x;
EVTDESCPIL22;Hodor;Hodor;Hodor;Hodor;Hodor;;;;;;;;;x;
EVTOPTAPIL22;Hodor;Hodor;Hodor;Hodor;Hodor;;;;;;;;;x;
EVTDESCPIL23;Hodor;Hodor;Hodor;Hodor;Hodor;;;;;;;;;x;
EVTOPTAPIL23;Hodor;Hodor;Hodor;Hodor;Hodor;;;;;;;;;x;
EVTDESCPIL24;Hodor;Hodor;Hodor;Hodor;Hodor;;;;;;;;;x;
EVTOPTAPIL24;Hodor;Hodor;Hodor;Hodor;Hodor;;;;;;;;;x;
EVTTOOLTIPPIL24;Hodor;Hodor;Hodor;Hodor;Hodor;;;;;;;;;x;
EVTTOOLTIPPIL25;Hodor;Hodor;Hodor;Hodor;Hodor;;;;;;;;;x;
EVTDESCPIL25;Hodor;Hodor;Hodor;Hodor;Hodor;;;;;;;;;x;
EVTOPTAPIL25;Hodor;Hodor;Hodor;Hodor;Hodor;;;;;;;;;x;
pil_fabricate_visions_decision_1;Hodor;Hodor;Hodor;Hodor;Hodor;;;;;;;;;x;
pil_fabricate_visions_decision_1_desc;Hodor;Hodor;Hodor;Hodor;Hodor;;;;;;;;;x;
pil_fabricate_visions_decision_2;Hodor;Hodor;Hodor;Hodor;Hodor;;;;;;;;;x;
pil_fabricate_visions_decision_2_desc;Hodor;Hodor;Hodor;Hodor;Hodor;;;;;;;;;x;
pil_fabricate_visions_decision_3;Hodor;Hodor;Hodor;Hodor;Hodor;;;;;;;;;x;
pil_fabricate_visions_decision_3_desc;Hodor;Hodor;Hodor;Hodor;Hodor;;;;;;;;;x;
pil_fabricate_visions_decision_4;Hodor;Hodor;Hodor;Hodor;Hodor;;;;;;;;;x;
pil_fabricate_visions_decision_4_desc;Hodor;Hodor;Hodor;Hodor;Hodor;;;;;;;;;x;
pil_fabricate_visions_decision_5;Hodor;Hodor;Hodor;Hodor;Hodor;;;;;;;;;x;
pil_fabricate_visions_decision_5_desc;Hodor;Hodor;Hodor;Hodor;Hodor;;;;;;;;;x;
pil_fabricate_visions_backer_decision;Hodor;Hodor;Hodor;Hodor;Hodor;;;;;;;;;x;
pil_fabricate_visions_backer_decision_desc;Hodor;Hodor;Hodor;Hodor;Hodor;;;;;;;;;x;
EVTDESCPIL26;Hodor;Hodor;Hodor;Hodor;Hodor;;;;;;;;;x;
EVTOPTAPIL26;Hodor;Hodor;Hodor;Hodor;Hodor;;;;;;;;;x;
EVTDESCPIL28;Hodor;Hodor;Hodor;Hodor;Hodor;;;;;;;;;x;
EVTOPTAPIL28;Hodor;Hodor;Hodor;Hodor;Hodor;;;;;;;;;x;
EVTTOOLTIPPIL29;Hodor;Hodor;Hodor;Hodor;Hodor;;;;;;;;;x;
EVTDESCPIL29;Hodor;Hodor;Hodor;Hodor;Hodor;;;;;;;;;x;
EVTOPTAPIL29;Hodor;Hodor;Hodor;Hodor;Hodor;;;;;;;;;x;
EVTOPTBPIL29;Hodor;Hodor;Hodor;Hodor;Hodor;;;;;;;;;x;
EVTDESCPIL30;Hodor;Hodor;Hodor;Hodor;Hodor;;;;;;;;;x;
EVTOPTAPIL30;Hodor;Hodor;Hodor;Hodor;Hodor;;;;;;;;;x;
EVTOPTBPIL30;Hodor;Hodor;Hodor;Hodor;Hodor;;;;;;;;;x;
EVTDESCPIL31;Hodor;Hodor;Hodor;Hodor;Hodor;;;;;;;;;x;
EVTOPTAPIL31;Hodor;Hodor;Hodor;Hodor;Hodor;;;;;;;;;x;
EVTDESCPIL32;Hodor;Hodor;Hodor;Hodor;Hodor;;;;;;;;;x;
EVTOPTAPIL32;Hodor;Hodor;Hodor;Hodor;Hodor;;;;;;;;;x;
EVTDESCPIL33;Hodor;Hodor;Hodor;Hodor;Hodor;;;;;;;;;x;
EVTOPTAPIL33;Hodor;Hodor;Hodor;Hodor;Hodor;;;;;;;;;x;
EVTTOOLTIPPIL33;Hodor;Hodor;Hodor;Hodor;Hodor;;;;;;;;;x;
EVTTOOLTIPPIL34;Hodor;Hodor;Hodor;Hodor;Hodor;;;;;;;;;x;
EVTDESCPIL34;Hodor;Hodor;Hodor;Hodor;Hodor;;;;;;;;;x;
EVTOPTAPIL34;Hodor;Hodor;Hodor;Hodor;Hodor;;;;;;;;;x;
EVTDESCPIL35;Hodor;Hodor;Hodor;Hodor;Hodor;;;;;;;;;x;
EVTOPTAPIL35;Hodor;Hodor;Hodor;Hodor;Hodor;;;;;;;;;x;
HASEVIDENCE;Hodor;Hodor;Hodor;Hodor;Hodor;;;;;;;;;x;
pil_confront_father;Hodor;Hodor;Hodor;Hodor;Hodor;;;;;;;;;x;
pil_confront_father_desc;Hodor;Hodor;Hodor;Hodor;Hodor;;;;;;;;;x;
EVTDESCPIL100;Hodor;Hodor;Hodor;Hodor;Hodor;;;;;;;;;x;
EVTOPTAPIL100;Hodor;Hodor;Hodor;Hodor;Hodor;;;;;;;;;x;
EVTTOOLTIPPIL100;Hodor;Hodor;Hodor;Hodor;Hodor;;;;;;;;;x;
EVTDESCPIL101;Hodor;Hodor;Hodor;Hodor;Hodor;;;;;;;;;x;
EVTOPTAPIL101;Hodor;Hodor;Hodor;Hodor;Hodor;;;;;;;;;x;
EVTTOOLTIPPIL101;Hodor;Hodor;Hodor;Hodor;Hodor;;;;;;;;;x;
EVTDESCPIL102;Hodor;Hodor;Hodor;Hodor;Hodor;;;;;;;;;x;
EVTOPTAPIL102;Hodor;Hodor;Hodor;Hodor;Hodor;;;;;;;;;x;
EVTOPTBPIL102;Hodor;Hodor;Hodor;Hodor;Hodor;;;;;;;;;x;
EVTTOOLTIPPIL102;Hodor;Hodor;Hodor;Hodor;Hodor;;;;;;;;;x;
EVTTOOLTIPPIL103;Hodor;Hodor;Hodor;Hodor;Hodor;;;;;;;;;x;
EVTDESCPIL103;Hodor;Hodor;Hodor;Hodor;Hodor;;;;;;;;;x;
EVTOPTAPIL103;Hodor;Hodor;Hodor;Hodor;Hodor;;;;;;;;;x;
EVTTOOLTIPPIL105;Hodor;Hodor;Hodor;Hodor;Hodor;;;;;;;;;x;
EVTDESCPIL105;Hodor;Hodor;Hodor;Hodor;Hodor;;;;;;;;;x;
EVTOPTAPIL105;Hodor;Hodor;Hodor;Hodor;Hodor;;;;;;;;;x;
EVTTOOLTIPPIL106;Hodor;Hodor;Hodor;Hodor;Hodor;;;;;;;;;x;
EVTDESCPIL106;Hodor;Hodor;Hodor;Hodor;Hodor;;;;;;;;;x;
EVTOPTAPIL106;Hodor;Hodor;Hodor;Hodor;Hodor;;;;;;;;;x;
EVTDESCPIL107;Hodor;Hodor;Hodor;Hodor;Hodor;;;;;;;;;x;
EVTOPTAPIL107;Hodor;Hodor;Hodor;Hodor;Hodor;;;;;;;;;x;
EVTDESCPIL10799;Hodor;Hodor;Hodor;Hodor;Hodor;;;;;;;;;x;
EVTOPTAPIL10799;Hodor;Hodor;Hodor;Hodor;Hodor;;;;;;;;;x;
EVTTOOLTIPPIL108;Hodor;Hodor;Hodor;Hodor;Hodor;;;;;;;;;x;
EVTDESCPIL108;Hodor;Hodor;Hodor;Hodor;Hodor;;;;;;;;;x;
EVTOPTAPIL108;Hodor;Hodor;Hodor;Hodor;Hodor;;;;;;;;;x;
EVTOPTBPIL108;Hodor;Hodor;Hodor;Hodor;Hodor;;;;;;;;;x;
EVTTOOLTIPPIL109;Hodor;Hodor;Hodor;Hodor;Hodor;;;;;;;;;x;
EVTDESCPIL109;Hodor;Hodor;Hodor;Hodor;Hodor;;;;;;;;;x;
EVTOPTAPIL109;Hodor;Hodor;Hodor;Hodor;Hodor;;;;;;;;;x;
EVTTOOLTIPPIL110;Hodor;Hodor;Hodor;Hodor;Hodor;;;;;;;;;x;
EVTDESCPIL110;Hodor;Hodor;Hodor;Hodor;Hodor;;;;;;;;;x;
EVTOPTAPIL110;Hodor;Hodor;Hodor;Hodor;Hodor;;;;;;;;;x;
EVTDESCPIL111;Hodor;Hodor;Hodor;Hodor;Hodor;;;;;;;;;x
EVTOPTAPIL111;Hodor;Hodor;Hodor;Hodor;Hodor;;;;;;;;;x;
EVTDESCPIL112;Hodor;Hodor;Hodor;Hodor;Hodor;;;;;;;;;x;
EVTOPTAPIL112;Hodor;Hodor;Hodor;Hodor;Hodor;;;;;;;;;x;
EVTOPTBPIL112;Hodor;Hodor;Hodor;Hodor;Hodor;;;;;;;;;x;
EVTTOOLTIPPIL113;Hodor;Hodor;Hodor;Hodor;Hodor;;;;;;;;;x;
EVTDESCPIL113;Hodor;Hodor;Hodor;Hodor;Hodor;;;;;;;;;x;
EVTOPTAPIL113;Hodor;Hodor;Hodor;Hodor;Hodor;;;;;;;;;x;
EVTTOOLTIPPIL114;Hodor;Hodor;Hodor;Hodor;Hodor;;;;;;;;;x;
EVTDESCPIL114;Hodor;Hodor;Hodor;Hodor;Hodor;;;;;;;;;x;
EVTOPTAPIL114;Hodor;Hodor;Hodor;Hodor;Hodor;;;;;;;;;x;
EVTTOOLTIPPIL115;Hodor;Hodor;Hodor;Hodor;Hodor;;;;;;;;;x;
EVTDESCPIL115;Hodor;Hodor;Hodor;Hodor;Hodor;;;;;;;;;x;
EVTOPTAPIL115;Hodor;Hodor;Hodor;Hodor;Hodor;;;;;;;;;x;
EVTDESCPIL116;Hodor;Hodor;Hodor;Hodor;Hodor;;;;;;;;;x;
EVTOPTAPIL116;Hodor;Hodor;Hodor;Hodor;Hodor;;;;;;;;;x;
pil_send_ravens;Hodor;Hodor;Hodor;Hodor;Hodor;;;;;;;;;x;
pil_send_ravens_desc;Hodor;Hodor;Hodor;Hodor;Hodor;;;;;;;;;x;
EVTTOOLTIPPIL117;Hodor;Hodor;Hodor;Hodor;Hodor;;;;;;;;;x;
EVTDESCPIL117;Hodor;Hodor;Hodor;Hodor;Hodor;;;;;;;;;x;
EVTOPTAPIL117;Hodor;Hodor;Hodor;Hodor;Hodor;;;;;;;;;x;
EVTDESCPIL118;Hodor;Hodor;Hodor;Hodor;Hodor;;;;;;;;;x;
EVTOPTAPIL118;Hodor;Hodor;Hodor;Hodor;Hodor;;;;;;;;;x;
EVTDESCPIL119;Hodor;Hodor;Hodor;Hodor;Hodor;;;;;;;;;x;
EVTOPTAPIL119;Hodor;Hodor;Hodor;Hodor;Hodor;;;;;;;;;x;
EVTDESCPIL120;Hodor;Hodor;Hodor;Hodor;Hodor;;;;;;;;;x;
EVTOPTAPIL120;Hodor;Hodor;Hodor;Hodor;Hodor;;;;;;;;;x;
ACTIONSUCCEED;Hodor;Hodor;Hodor;Hodor;Hodor;;;;;;;;;x;
ACTIONFAIL;Hodor;Hodor;Hodor;Hodor;Hodor;;;;;;;;;x;
PILEVTRAITMISSING;Hodor;Hodor;Hodor;Hodor;Hodor;;;;;;;;;x;
PILEVTRAITPRESENT;Hodor;Hodor;Hodor;Hodor;Hodor;;;;;;;;;x;
PILEVAPPEARANCE;Hodor;Hodor;Hodor;Hodor;Hodor;;;;;;;;;x;
PILEVCONCEPTION;Hodor;Hodor;Hodor;Hodor;Hodor;;;;;;;;;x;
PILEVCONCEPTIONFAKE;Hodor;Hodor;Hodor;Hodor;Hodor;;;;;;;;;x;
PILEVGREENDREAMS;Hodor;Hodor;Hodor;Hodor;Hodor;;;;;;;;;x;
PILEVGREENDREAMSFAKE;Hodor;Hodor;Hodor;Hodor;Hodor;;;;;;;;;x;
PILEVFLAMES;Hodor;Hodor;Hodor;Hodor;Hodor;;;;;;;;;x;
PILEVFLAMESFAKE;Hodor;Hodor;Hodor;Hodor;Hodor;;;;;;;;;x;
PILEVLOVER;Hodor;Hodor;Hodor;Hodor;Hodor;;;;;;;;;x;
PILEVSPECTRAITMISSING;Hodor;Hodor;Hodor;Hodor;Hodor;;;;;;;;;x;
PILEVSPECTRAITPRESENT;Hodor;Hodor;Hodor;Hodor;Hodor;;;;;;;;;x;
PILEVSPECAPPEARANCE;Hodor;Hodor;Hodor;Hodor;Hodor;;;;;;;;;x;
PILEVSPECCONCEPTION;Hodor;Hodor;Hodor;Hodor;Hodor;;;;;;;;;x;
PILEVSPECCONCEPTIONFAKE;Hodor;Hodor;Hodor;Hodor;Hodor;;;;;;;;;x;
PILEVSPECGREENDREAMS;Hodor;Hodor;Hodor;Hodor;Hodor;;;;;;;;;x;
PILEVSPECGREENDREAMSFAKE;Hodor;Hodor;Hodor;Hodor;Hodor;;;;;;;;;x;
PILEVSPECFLAMES;Hodor;Hodor;Hodor;Hodor;Hodor;;;;;;;;;x;
PILEVSPECFLAMESFAKE;Hodor;Hodor;Hodor;Hodor;Hodor;;;;;;;;;x;
PILEVSPECLOVER;Hodor;Hodor;Hodor;Hodor;Hodor;;;;;;;;;x;
opinion_suspected_bastard;Hodor;Hodor;Hodor;Hodor;Hodor;;;;;;;;;x;
suspected_bastard;Hodor;Hodor;Hodor;Hodor;Hodor;;;;;;;;;x;
EVTTOOLTIP33;Hodor;Hodor;Hodor;Hodor;Hodor;;;;;;;;;x;
EVTTOOLTIP34;Hodor;Hodor;Hodor;Hodor;Hodor;;;;;;;;;x;
opinion_ignored_accusation;Hodor;Hodor;Hodor;Hodor;Hodor;;;;;;;;;x;
opinion_unfaithful_deceiver;Hodor;Hodor;Hodor;Hodor;Hodor;;;;;;;;;x;
opinion_cuckolded_AGOT;Hodor;Hodor;Hodor;Hodor;Hodor;;;;;;;;;x;
EVTOPTB406;Hodor;Hodor;Hodor;Hodor;Hodor;;;;;;;;;x;
TOOLTIPbirth.50;Hodor;Hodor;Hodor;Hodor;Hodor;;;;;;;;;x;
EVTDESCbirth.50;Hodor;Hodor;Hodor;Hodor;Hodor;;;;;;;;;x;
EVTOPTAbirth.50;Hodor;Hodor;Hodor;Hodor;Hodor;;;;;;;;;x;
TOOLTIPbirth.51;Hodor;Hodor;Hodor;Hodor;Hodor;;;;;;;;;x;
TOOLTIPbirth.51B;Hodor;Hodor;Hodor;Hodor;Hodor;;;;;;;;;x;
EVTOPTBbirth.50;Hodor;Hodor;Hodor;Hodor;Hodor;;;;;;;;;x;
EVTDESCbirth.51;Hodor;Hodor;Hodor;Hodor;Hodor;;;;;;;;;x;
EVTDESCbirth.51B;Hodor;Hodor;Hodor;Hodor;Hodor;;;;;;;;;x;
EVTOPTAbirth.51;Hodor;Hodor;Hodor;Hodor;Hodor;;;;;;;;;x;
EVTDESCbirth.52;Hodor;Hodor;Hodor;Hodor;Hodor;;;;;;;;;x;
EVTOPTAbirth.52;Hodor;Hodor;Hodor;Hodor;Hodor;;;;;;;;;x;
opinion_aborted_my_child;Hodor;Hodor;Hodor;Hodor;Hodor;;;;;;;;;x;
opinion_coerced_into_having_child;Hodor;Hodor;Hodor;Hodor;Hodor;;;;;;;;;x;
opinion_ignored_false_accusation;Hodor;Hodor;Hodor;Hodor;Hodor;;;;;;;;;x;
EVTDESCPIL36;Hodor;Hodor;Hodor;Hodor;Hodor;;;;;;;;;x;
TOOLTIPimplicated_sibling;Hodor;Hodor;Hodor;Hodor;Hodor;;;;;;;;;x;
EVTOPTAPIL36;Hodor;Hodor;Hodor;Hodor;Hodor;;;;;;;;;x;
EVTOPTBPIL36;Hodor;Hodor;Hodor;Hodor;Hodor;;;;;;;;;x;
EVTOPTCPIL36;Hodor;Hodor;Hodor;Hodor;Hodor;;;;;;;;;x;
EVTDESCPIL37;Hodor;Hodor;Hodor;Hodor;Hodor;;;;;;;;;x;
EVTDESCPIL38;Hodor;Hodor;Hodor;Hodor;Hodor;;;;;;;;;x;
PILEVSIBLINGS;Hodor;Hodor;Hodor;Hodor;Hodor;;;;;;;;;x;
PILEVSPECSIBLINGS;Hodor;Hodor;Hodor;Hodor;Hodor;;;;;;;;;x;
opinion_conspired_against_me;Hodor;Hodor;Hodor;Hodor;Hodor;;;;;;;;;x;
opinion_conspired_against_child;Hodor;Hodor;Hodor;Hodor;Hodor;;;;;;;;;x;
opinion_bastard_spawn;Hodor;Hodor;Hodor;Hodor;Hodor;;;;;;;;;x;
pil_regent_sieze_throne;Hodor;Hodor;Hodor;Hodor;Hodor;;;;;;;;;x;
pil_regent_sieze_throne_desc;Hodor;Hodor;Hodor;Hodor;Hodor;;;;;;;;;x;
EVTTOOLTIPpil.122;Hodor;Hodor;Hodor;Hodor;Hodor;;;;;;;;;x;
EVTDESCpil.122;Hodor;Hodor;Hodor;Hodor;Hodor;;;;;;;;;x;
EVTOPTApil.122;Hodor;Hodor;Hodor;Hodor;Hodor;;;;;;;;;x;
EVTDESCpil.123;Hodor;Hodor;Hodor;Hodor;Hodor;;;;;;;;;x;
EVTOPTApil.123;Hodor;Hodor;Hodor;Hodor;Hodor;;;;;;;;;x;
EVTDESCPIL124;Hodor;Hodor;Hodor;Hodor;Hodor;;;;;;;;;x;
EVTOPTAPIL124;Hodor;Hodor;Hodor;Hodor;Hodor;;;;;;;;;x;
EVTDESCPIL125;Hodor;Hodor;Hodor;Hodor;Hodor;;;;;;;;;x;
EVTOPTAPIL125;Hodor;Hodor;Hodor;Hodor;Hodor;;;;;;;;;x;
EVTDESCPIL112B;Hodor;Hodor;Hodor;Hodor;Hodor;;;;;;;;;x;
EVTDESCPIL40;Hodor;Hodor;Hodor;Hodor;Hodor;;;;;;;;;x;
EVTOPTAPIL40;Hodor;Hodor;Hodor;Hodor;Hodor;;;;;;;;;x;
EVTDESCPIL41;Hodor;Hodor;Hodor;Hodor;Hodor;;;;;;;;;x;
EVTOPTAPIL41;Hodor;Hodor;Hodor;Hodor;Hodor;;;;;;;;;x;
EVTTOOLTIPPIL41;Hodor;Hodor;Hodor;Hodor;Hodor;;;;;;;;;x;
EVTTOOLTIPPIL42;Hodor;Hodor;Hodor;Hodor;Hodor;;;;;;;;;x;
EVTDESCPIL42;Hodor;Hodor;Hodor;Hodor;Hodor;;;;;;;;;x;
EVTOPTAPIL42;Hodor;Hodor;Hodor;Hodor;Hodor;;;;;;;;;x;
pil_fabricate_dragon_dreams_decision_1;Hodor;Hodor;Hodor;Hodor;Hodor;;;;;;;;;x;
pil_fabricate_dragon_dreams_decision_1_desc;Hodor;Hodor;Hodor;Hodor;Hodor;;;;;;;;;x;
pil_fabricate_dragon_dreams_decision_2;Hodor;Hodor;Hodor;Hodor;Hodor;;;;;;;;;x;
pil_fabricate_dragon_dreams_decision_2_desc;Hodor;Hodor;Hodor;Hodor;Hodor;;;;;;;;;x;
pil_fabricate_dragon_dreams_decision_3;Hodor;Hodor;Hodor;Hodor;Hodor;;;;;;;;;x;
pil_fabricate_dragon_dreams_decision_3_desc;Hodor;Hodor;Hodor;Hodor;Hodor;;;;;;;;;x;
pil_fabricate_dragon_dreams_decision_4;Hodor;Hodor;Hodor;Hodor;Hodor;;;;;;;;;x;
pil_fabricate_dragon_dreams_decision_4_desc;Hodor;Hodor;Hodor;Hodor;Hodor;;;;;;;;;x;
pil_fabricate_dragon_dreams_decision_5;Hodor;Hodor;Hodor;Hodor;Hodor;;;;;;;;;x;
pil_fabricate_dragon_dreams_decision_5_desc;Hodor;Hodor;Hodor;Hodor;Hodor;;;;;;;;;x;
pil_fabricate_dragon_dreams_backer_decision;Hodor;Hodor;Hodor;Hodor;Hodor;;;;;;;;;x;
pil_fabricate_dragon_dreams_backer_decision_desc;Hodor;Hodor;Hodor;Hodor;Hodor;;;;;;;;;x;
EVTDESCPIL43;Hodor;Hodor;Hodor;Hodor;Hodor;;;;;;;;;x;
EVTOPTAPIL43;Hodor;Hodor;Hodor;Hodor;Hodor;;;;;;;;;x;
EVTDESCPIL45;Hodor;Hodor;Hodor;Hodor;Hodor;;;;;;;;;x;
EVTOPTAPIL45;Hodor;Hodor;Hodor;Hodor;Hodor;;;;;;;;;x;
EVTTOOLTIPPIL46;Hodor;Hodor;Hodor;Hodor;Hodor;;;;;;;;;x;
EVTDESCPIL46;Hodor;Hodor;Hodor;Hodor;Hodor;;;;;;;;;x;
EVTOPTAPIL46;Hodor;Hodor;Hodor;Hodor;Hodor;;;;;;;;;x;
EVTOPTBPIL46;Hodor;Hodor;Hodor;Hodor;Hodor;;;;;;;;;x;
EVTDESCPIL47;Hodor;Hodor;Hodor;Hodor;Hodor;;;;;;;;;x;
EVTOPTAPIL47;Hodor;Hodor;Hodor;Hodor;Hodor;;;;;;;;;x;
EVTOPTBPIL47;Hodor;Hodor;Hodor;Hodor;Hodor;;;;;;;;;x;
EVTDESCPIL48;Hodor;Hodor;Hodor;Hodor;Hodor;;;;;;;;;x;
EVTOPTAPIL48;Hodor;Hodor;Hodor;Hodor;Hodor;;;;;;;;;x;
pil_evidence_count;Hodor;Hodor;Hodor;Hodor;Hodor;;;;;;;;;x;
EVTDESCPIL250;Hodor;Hodor;Hodor;Hodor;Hodor;;;;;;;;;x;
EVTOPTAPIL250;Hodor;Hodor;Hodor;Hodor;Hodor;;;;;;;;;x;
TOOLTIPpil.251;Hodor;Hodor;Hodor;Hodor;Hodor;;;;;;;;;x;
EVTDESCPIL251;Hodor;Hodor;Hodor;Hodor;Hodor;;;;;;;;;x;
EVTDESCPIL251B;Hodor;Hodor;Hodor;Hodor;Hodor;;;;;;;;;x;
EVTOPTAPIL251;Hodor;Hodor;Hodor;Hodor;Hodor;;;;;;;;;x;
EVTOPTBPIL251;Hodor;Hodor;Hodor;Hodor;Hodor;;;;;;;;;x;
